Date,Price,Open,High,Low,Vol.,Change %
21-Jul-23,0.308,0.305,0.311,0.303,4.74M,1.20%
20-Jul-23,0.305,0.308,0.316,0.3,10.07M,-1.07%
19-Jul-23,0.308,0.31,0.315,0.307,6.77M,-0.51%
18-Jul-23,0.31,0.32,0.323,0.304,7.23M,-3.24%
17-Jul-23,0.32,0.307,0.33,0.306,15.24M,4.04%
16-Jul-23,0.307,0.317,0.319,0.306,4.35M,-3.17%
15-Jul-23,0.317,0.311,0.319,0.307,5.59M,2.24%
14-Jul-23,0.311,0.323,0.327,0.299,10.51M,-4.00%
13-Jul-23,0.323,0.297,0.325,0.291,10.76M,8.81%
12-Jul-23,0.297,0.299,0.307,0.294,7.48M,-0.57%
11-Jul-23,0.299,0.29,0.3,0.288,6.07M,3.28%
10-Jul-23,0.29,0.291,0.296,0.28,6.83M,-0.40%
09-Jul-23,0.291,0.295,0.298,0.289,2.97M,-1.54%
08-Jul-23,0.295,0.294,0.297,0.291,3.49M,0.49%
07-Jul-23,0.294,0.293,0.296,0.29,4.86M,0.31%
06-Jul-23,0.293,0.31,0.316,0.293,8.16M,-5.39%
05-Jul-23,0.31,0.313,0.344,0.307,25.37M,-1.14%
04-Jul-23,0.313,0.318,0.328,0.31,9.05M,-1.42%
03-Jul-23,0.318,0.312,0.32,0.309,6.64M,1.80%
02-Jul-23,0.312,0.316,0.317,0.302,7.05M,-1.14%
01-Jul-23,0.316,0.297,0.316,0.294,11.17M,6.34%
30-Jun-23,0.297,0.283,0.3,0.276,13.15M,4.70%
29-Jun-23,0.283,0.277,0.297,0.276,11.48M,2.23%
28-Jun-23,0.277,0.296,0.297,0.27,10.74M,-6.47%
27-Jun-23,0.296,0.292,0.297,0.288,5.19M,1.40%
26-Jun-23,0.292,0.304,0.304,0.29,6.83M,-3.72%
25-Jun-23,0.304,0.297,0.33,0.297,15.96M,2.40%
24-Jun-23,0.297,0.291,0.299,0.289,9.48M,2.06%
23-Jun-23,0.291,0.279,0.295,0.278,8.05M,4.19%
22-Jun-23,0.279,0.281,0.291,0.277,8.73M,-0.93%
21-Jun-23,0.281,0.268,0.285,0.267,10.27M,5.21%
20-Jun-23,0.268,0.258,0.268,0.253,4.33M,3.56%
19-Jun-23,0.258,0.256,0.261,0.253,4.86M,1.07%
18-Jun-23,0.256,0.26,0.263,0.254,3.38M,-1.86%
17-Jun-23,0.26,0.259,0.267,0.257,3.75M,0.74%
16-Jun-23,0.259,0.254,0.261,0.249,4.17M,1.97%
15-Jun-23,0.254,0.248,0.256,0.242,5.13M,2.43%
14-Jun-23,0.248,0.257,0.263,0.243,6.73M,-3.51%
13-Jun-23,0.257,0.254,0.263,0.252,5.50M,0.83%
12-Jun-23,0.254,0.251,0.255,0.243,5.46M,1.53%
11-Jun-23,0.251,0.251,0.255,0.247,6.25M,-0.35%
10-Jun-23,0.251,0.291,0.291,0.23,23.25M,-13.51%
09-Jun-23,0.291,0.3,0.3,0.287,6.21M,-3.16%
08-Jun-23,0.3,0.3,0.307,0.292,7.86M,0.20%
07-Jun-23,0.3,0.323,0.323,0.297,5.86M,-7.31%
06-Jun-23,0.323,0.309,0.326,0.307,8.18M,4.54%
05-Jun-23,0.309,0.335,0.347,0.302,16.63M,-7.78%
04-Jun-23,0.335,0.33,0.34,0.328,3.97M,1.74%
03-Jun-23,0.33,0.333,0.333,0.326,2.79M,-1.15%
02-Jun-23,0.333,0.33,0.334,0.327,3.28M,1.16%
01-Jun-23,0.33,0.324,0.332,0.319,3.97M,1.69%
31-May-23,0.324,0.336,0.339,0.321,4.36M,-3.60%
30-May-23,0.336,0.333,0.339,0.331,4.17M,0.88%
29-May-23,0.333,0.342,0.345,0.332,4.32M,-2.67%
28-May-23,0.342,0.337,0.346,0.335,5.35M,1.76%
27-May-23,0.337,0.33,0.337,0.328,3.39M,1.86%
26-May-23,0.33,0.333,0.335,0.326,5.83M,-0.81%
25-May-23,0.333,0.325,0.337,0.315,6.98M,2.43%
24-May-23,0.325,0.34,0.34,0.322,5.59M,-4.22%
23-May-23,0.34,0.338,0.346,0.336,3.25M,0.60%
22-May-23,0.338,0.34,0.342,0.333,3.50M,-0.86%
21-May-23,0.34,0.346,0.346,0.336,3.45M,-1.50%
20-May-23,0.346,0.346,0.348,0.341,2.77M,0.00%
19-May-23,0.346,0.345,0.351,0.342,3.27M,0.00%
18-May-23,0.345,0.356,0.356,0.337,5.21M,-2.94%
17-May-23,0.356,0.346,0.364,0.345,10.64M,2.66%
16-May-23,0.346,0.338,0.347,0.333,5.25M,2.45%
15-May-23,0.338,0.336,0.345,0.331,6.32M,0.53%
14-May-23,0.336,0.333,0.338,0.328,3.23M,1.22%
13-May-23,0.332,0.337,0.337,0.329,4.76M,-1.32%
12-May-23,0.337,0.332,0.337,0.32,6.21M,1.33%
11-May-23,0.332,0.351,0.351,0.325,7.00M,-5.31%
10-May-23,0.351,0.343,0.355,0.333,8.36M,2.21%
09-May-23,0.343,0.343,0.348,0.34,4.39M,0.22%
08-May-23,0.343,0.364,0.366,0.331,11.91M,-6.08%
07-May-23,0.365,0.369,0.37,0.363,3.06M,-1.24%
06-May-23,0.369,0.385,0.387,0.364,5.81M,-4.15%
05-May-23,0.385,0.38,0.387,0.376,3.75M,1.53%
04-May-23,0.38,0.386,0.388,0.378,2.80M,-1.60%
03-May-23,0.386,0.377,0.387,0.368,4.64M,2.27%
02-May-23,0.377,0.375,0.379,0.37,3.84M,0.48%
01-May-23,0.375,0.385,0.388,0.369,4.86M,-2.74%
30-Apr-23,0.386,0.397,0.397,0.383,5.08M,-2.64%
29-Apr-23,0.397,0.394,0.4,0.392,4.56M,0.76%
28-Apr-23,0.394,0.398,0.402,0.388,6.09M,-1.21%
27-Apr-23,0.398,0.391,0.403,0.388,8.04M,2.00%
26-Apr-23,0.391,0.397,0.412,0.37,11.53M,-1.74%
25-Apr-23,0.397,0.391,0.4,0.379,5.40M,1.77%
24-Apr-23,0.391,0.391,0.396,0.383,6.36M,0.00%
23-Apr-23,0.391,0.397,0.397,0.379,5.56M,-1.70%
22-Apr-23,0.397,0.383,0.398,0.379,5.78M,3.81%
21-Apr-23,0.383,0.4,0.406,0.378,13.07M,-4.27%
20-Apr-23,0.4,0.409,0.419,0.395,11.90M,-2.33%
19-Apr-23,0.409,0.456,0.456,0.4,17.91M,-10.11%
18-Apr-23,0.455,0.452,0.46,0.444,11.72M,0.77%
17-Apr-23,0.452,0.451,0.455,0.435,10.97M,0.31%
16-Apr-23,0.451,0.445,0.455,0.436,9.16M,1.31%
15-Apr-23,0.445,0.446,0.45,0.436,8.83M,-0.33%
14-Apr-23,0.446,0.434,0.449,0.426,16.95M,2.78%
13-Apr-23,0.434,0.42,0.434,0.414,11.40M,3.26%
12-Apr-23,0.42,0.431,0.432,0.41,16.55M,-2.58%
11-Apr-23,0.431,0.437,0.437,0.429,13.67M,-1.17%
10-Apr-23,0.437,0.443,0.446,0.42,19.26M,-1.37%
09-Apr-23,0.443,0.439,0.447,0.427,24.95M,0.74%
08-Apr-23,0.439,0.472,0.475,0.439,50.68M,-6.84%
07-Apr-23,0.472,0.419,0.497,0.418,143.36M,12.71%
06-Apr-23,0.419,0.427,0.429,0.411,11.58M,-2.08%
05-Apr-23,0.427,0.408,0.432,0.405,16.71M,4.84%
04-Apr-23,0.408,0.4,0.411,0.392,8.92M,1.98%
03-Apr-23,0.4,0.395,0.408,0.382,12.26M,1.32%
02-Apr-23,0.395,0.414,0.418,0.387,8.65M,-4.65%
01-Apr-23,0.414,0.406,0.417,0.403,10.11M,1.82%
31-Mar-23,0.406,0.391,0.414,0.381,10.66M,3.79%
30-Mar-23,0.392,0.4,0.407,0.383,12.12M,-2.00%
29-Mar-23,0.4,0.376,0.4,0.376,10.72M,6.12%
28-Mar-23,0.376,0.368,0.377,0.36,7.41M,2.38%
27-Mar-23,0.368,0.39,0.393,0.362,9.30M,-5.84%
26-Mar-23,0.39,0.381,0.392,0.378,5.81M,2.37%
25-Mar-23,0.381,0.386,0.392,0.375,6.67M,-1.07%
24-Mar-23,0.386,0.401,0.402,0.378,8.51M,-3.92%
23-Mar-23,0.401,0.384,0.405,0.378,9.79M,4.43%
22-Mar-23,0.384,0.409,0.409,0.373,14.79M,-6.14%
21-Mar-23,0.409,0.4,0.413,0.383,13.07M,2.26%
20-Mar-23,0.4,0.422,0.436,0.395,18.84M,-5.12%
19-Mar-23,0.422,0.409,0.434,0.409,13.94M,3.21%
18-Mar-23,0.409,0.421,0.439,0.407,21.86M,-2.88%
17-Mar-23,0.421,0.39,0.425,0.385,19.40M,7.90%
16-Mar-23,0.39,0.385,0.395,0.378,16.92M,1.41%
15-Mar-23,0.385,0.429,0.441,0.381,23.08M,-10.29%
14-Mar-23,0.429,0.406,0.441,0.396,22.82M,5.71%
13-Mar-23,0.406,0.383,0.41,0.375,20.08M,5.81%
12-Mar-23,0.384,0.351,0.384,0.347,11.61M,9.21%
11-Mar-23,0.351,0.357,0.364,0.333,10.39M,-1.51%
10-Mar-23,0.357,0.359,0.359,0.331,17.26M,-0.63%
09-Mar-23,0.359,0.391,0.397,0.354,15.96M,-8.19%
08-Mar-23,0.391,0.429,0.43,0.386,12.53M,-9.00%
07-Mar-23,0.429,0.425,0.448,0.419,19.23M,0.94%
06-Mar-23,0.425,0.416,0.427,0.407,8.70M,2.19%
05-Mar-23,0.416,0.423,0.437,0.415,7.14M,-1.47%
04-Mar-23,0.423,0.436,0.439,0.413,6.57M,-2.97%
03-Mar-23,0.436,0.465,0.465,0.419,13.87M,-6.06%
02-Mar-23,0.464,0.479,0.48,0.455,5.77M,-3.32%
01-Mar-23,0.479,0.462,0.487,0.457,6.73M,3.80%
28-Feb-23,0.462,0.483,0.484,0.455,7.73M,-4.37%
27-Feb-23,0.483,0.491,0.492,0.47,8.35M,-1.52%
26-Feb-23,0.49,0.471,0.495,0.463,10.61M,4.06%
25-Feb-23,0.471,0.499,0.5,0.456,12.40M,-5.55%
24-Feb-23,0.499,0.546,0.551,0.491,18.84M,-8.65%
23-Feb-23,0.546,0.487,0.567,0.487,58.96M,12.13%
22-Feb-23,0.487,0.502,0.506,0.47,12.18M,-2.94%
21-Feb-23,0.502,0.521,0.527,0.488,15.82M,-3.77%
20-Feb-23,0.522,0.485,0.538,0.476,26.79M,7.60%
19-Feb-23,0.485,0.489,0.506,0.472,13.66M,-0.96%
18-Feb-23,0.489,0.486,0.496,0.478,8.99M,0.61%
17-Feb-23,0.486,0.454,0.492,0.453,14.12M,7.24%
16-Feb-23,0.454,0.484,0.495,0.452,15.97M,-6.37%
15-Feb-23,0.484,0.443,0.485,0.438,13.11M,9.49%
14-Feb-23,0.443,0.428,0.444,0.416,11.89M,3.28%
13-Feb-23,0.428,0.447,0.452,0.413,11.58M,-4.09%
12-Feb-23,0.447,0.462,0.466,0.442,11.35M,-3.20%
11-Feb-23,0.462,0.44,0.462,0.435,9.11M,4.98%
10-Feb-23,0.44,0.444,0.449,0.431,12.87M,-0.88%
09-Feb-23,0.444,0.502,0.518,0.437,22.10M,-11.67%
08-Feb-23,0.502,0.514,0.529,0.479,18.86M,-2.31%
07-Feb-23,0.514,0.462,0.528,0.454,30.27M,11.35%
06-Feb-23,0.462,0.455,0.486,0.45,13.96M,1.39%
05-Feb-23,0.455,0.475,0.491,0.445,20.45M,-4.21%
04-Feb-23,0.475,0.471,0.489,0.463,10.02M,0.80%
03-Feb-23,0.471,0.459,0.473,0.452,8.80M,2.79%
02-Feb-23,0.459,0.472,0.487,0.454,14.19M,-2.72%
01-Feb-23,0.472,0.457,0.475,0.428,21.76M,3.20%
31-Jan-23,0.457,0.437,0.457,0.428,12.50M,4.51%
30-Jan-23,0.437,0.473,0.475,0.424,18.54M,-7.56%
29-Jan-23,0.473,0.461,0.478,0.447,19.85M,2.50%
28-Jan-23,0.461,0.425,0.498,0.425,59.29M,8.56%
27-Jan-23,0.425,0.417,0.426,0.402,11.08M,2.04%
26-Jan-23,0.417,0.426,0.432,0.411,12.72M,-2.32%
25-Jan-23,0.426,0.403,0.432,0.393,18.38M,5.86%
24-Jan-23,0.403,0.431,0.446,0.395,22.12M,-6.57%
23-Jan-23,0.431,0.432,0.446,0.425,17.19M,-0.24%
22-Jan-23,0.432,0.437,0.45,0.417,27.30M,-1.05%
21-Jan-23,0.437,0.437,0.453,0.419,34.89M,0.00%
20-Jan-23,0.437,0.412,0.444,0.407,44.29M,6.02%
19-Jan-23,0.412,0.363,0.453,0.354,95.97M,13.46%
18-Jan-23,0.363,0.36,0.429,0.36,57.07M,0.84%
17-Jan-23,0.36,0.36,0.374,0.35,13.57M,0.00%
16-Jan-23,0.36,0.361,0.38,0.35,21.73M,-0.36%
15-Jan-23,0.361,0.351,0.365,0.333,22.19M,3.15%
14-Jan-23,0.35,0.335,0.363,0.327,30.91M,4.73%
13-Jan-23,0.335,0.304,0.34,0.3,24.01M,10.21%
12-Jan-23,0.304,0.301,0.306,0.291,14.55M,0.87%
11-Jan-23,0.301,0.291,0.302,0.282,8.75M,3.25%
10-Jan-23,0.291,0.29,0.298,0.283,12.27M,0.36%
09-Jan-23,0.29,0.277,0.309,0.276,26.08M,4.74%
08-Jan-23,0.277,0.261,0.279,0.256,12.68M,6.15%
07-Jan-23,0.261,0.255,0.269,0.255,10.30M,2.25%
06-Jan-23,0.255,0.25,0.257,0.246,7.07M,2.10%
05-Jan-23,0.25,0.25,0.256,0.248,8.02M,0.22%
04-Jan-23,0.25,0.244,0.253,0.243,6.86M,2.11%
03-Jan-23,0.244,0.249,0.25,0.24,8.49M,-1.63%
02-Jan-23,0.249,0.243,0.251,0.237,5.85M,2.09%
01-Jan-23,0.243,0.241,0.244,0.239,2.93M,1.24%
31-Dec-22,0.24,0.237,0.244,0.237,3.90M,1.68%
30-Dec-22,0.237,0.24,0.241,0.23,7.49M,-1.28%
29-Dec-22,0.24,0.243,0.246,0.235,6.26M,-1.27%
28-Dec-22,0.243,0.257,0.258,0.242,7.60M,-5.45%
27-Dec-22,0.257,0.265,0.266,0.255,5.04M,-3.00%
26-Dec-22,0.265,0.261,0.265,0.26,2.88M,1.19%
25-Dec-22,0.261,0.264,0.265,0.258,3.21M,-0.78%
24-Dec-22,0.264,0.267,0.268,0.262,2.52M,-1.13%
23-Dec-22,0.267,0.262,0.268,0.261,5.11M,1.89%
22-Dec-22,0.262,0.26,0.263,0.252,9.22M,0.76%
21-Dec-22,0.26,0.264,0.265,0.257,4.25M,-1.84%
20-Dec-22,0.264,0.249,0.266,0.248,6.09M,6.40%
19-Dec-22,0.249,0.261,0.268,0.244,7.79M,-4.90%
18-Dec-22,0.261,0.263,0.264,0.258,3.66M,-0.65%
17-Dec-22,0.263,0.26,0.264,0.252,8.52M,1.01%
16-Dec-22,0.26,0.292,0.294,0.254,11.90M,-10.72%
15-Dec-22,0.292,0.3,0.301,0.291,6.14M,-2.91%
14-Dec-22,0.3,0.305,0.309,0.297,9.29M,-1.00%
13-Dec-22,0.304,0.3,0.305,0.285,17.77M,1.33%
12-Dec-22,0.3,0.303,0.303,0.292,5.98M,-1.25%
11-Dec-22,0.303,0.308,0.314,0.302,5.73M,-1.40%
10-Dec-22,0.308,0.305,0.31,0.304,9.58M,0.98%
09-Dec-22,0.305,0.306,0.308,0.302,20.07M,-0.30%
08-Dec-22,0.306,0.298,0.307,0.294,19.48M,2.43%
07-Dec-22,0.298,0.313,0.317,0.294,32.77M,-4.82%
06-Dec-22,0.313,0.319,0.319,0.311,14.66M,-1.65%
05-Dec-22,0.319,0.312,0.324,0.311,16.50M,2.08%
04-Dec-22,0.312,0.303,0.314,0.303,14.69M,3.18%
03-Dec-22,0.303,0.314,0.327,0.302,24.32M,-3.52%
02-Dec-22,0.314,0.305,0.315,0.301,10.69M,2.95%
01-Dec-22,0.305,0.313,0.313,0.303,7.08M,-2.54%
30-Nov-22,0.313,0.299,0.314,0.299,9.32M,4.40%
29-Nov-22,0.299,0.296,0.304,0.292,9.94M,0.96%
28-Nov-22,0.296,0.304,0.307,0.289,7.62M,-2.52%
27-Nov-22,0.304,0.303,0.315,0.302,6.98M,0.30%
26-Nov-22,0.303,0.303,0.311,0.3,13.88M,0.00%
25-Nov-22,0.303,0.306,0.306,0.294,5.82M,-0.73%
24-Nov-22,0.306,0.304,0.315,0.298,10.54M,0.69%
23-Nov-22,0.304,0.295,0.304,0.293,8.18M,3.01%
22-Nov-22,0.295,0.283,0.296,0.276,13.55M,3.99%
21-Nov-22,0.283,0.293,0.3,0.277,14.68M,-3.18%
20-Nov-22,0.293,0.315,0.319,0.29,8.45M,-6.94%
19-Nov-22,0.315,0.315,0.317,0.312,6.84M,2.30%
18-Nov-22,0.307,0.306,0.312,0.302,6.99M,0.40%
17-Nov-22,0.306,0.308,0.313,0.301,7.30M,-0.72%
16-Nov-22,0.308,0.321,0.328,0.308,8.88M,-4.03%
15-Nov-22,0.321,0.313,0.33,0.308,10.44M,2.81%
14-Nov-22,0.313,0.31,0.319,0.292,15.53M,0.69%
13-Nov-22,0.31,0.325,0.331,0.306,21.05M,-4.42%
12-Nov-22,0.325,0.35,0.351,0.322,13.74M,-7.22%
11-Nov-22,0.35,0.373,0.376,0.334,30.34M,-6.19%
10-Nov-22,0.373,0.323,0.382,0.318,40.47M,15.71%
09-Nov-22,0.323,0.405,0.406,0.312,46.61M,-20.28%
08-Nov-22,0.405,0.464,0.474,0.351,44.27M,-12.90%
07-Nov-22,0.464,0.447,0.471,0.438,14.49M,3.79%
06-Nov-22,0.447,0.48,0.483,0.446,13.44M,-6.74%
05-Nov-22,0.48,0.476,0.5,0.471,22.87M,0.84%
04-Nov-22,0.476,0.434,0.476,0.431,17.76M,9.75%
03-Nov-22,0.434,0.426,0.448,0.424,14.13M,1.88%
02-Nov-22,0.426,0.444,0.445,0.417,14.92M,-4.27%
01-Nov-22,0.444,0.453,0.461,0.444,10.38M,-1.96%
31-Oct-22,0.453,0.459,0.464,0.447,14.17M,-1.31%
30-Oct-22,0.459,0.456,0.484,0.45,24.55M,0.84%
29-Oct-22,0.456,0.449,0.465,0.448,18.03M,1.37%
28-Oct-22,0.449,0.436,0.452,0.429,14.11M,2.99%
27-Oct-22,0.436,0.443,0.462,0.434,16.71M,-1.50%
26-Oct-22,0.443,0.434,0.448,0.433,12.10M,1.99%
25-Oct-22,0.434,0.416,0.445,0.415,18.97M,4.51%
24-Oct-22,0.416,0.423,0.424,0.408,6.74M,-1.78%
23-Oct-22,0.423,0.415,0.424,0.407,6.57M,2.07%
22-Oct-22,0.415,0.415,0.416,0.409,6.05M,0.00%
21-Oct-22,0.415,0.415,0.415,0.396,8.47M,0.00%
20-Oct-22,0.415,0.419,0.429,0.411,8.51M,-0.98%
19-Oct-22,0.419,0.434,0.439,0.417,12.60M,-3.65%
18-Oct-22,0.434,0.436,0.443,0.426,9.98M,-0.26%
17-Oct-22,0.436,0.428,0.438,0.425,4.88M,1.66%
16-Oct-22,0.428,0.426,0.435,0.422,5.02M,0.69%
15-Oct-22,0.426,0.42,0.427,0.417,5.94M,1.41%
14-Oct-22,0.42,0.426,0.439,0.414,9.67M,-1.40%
13-Oct-22,0.426,0.428,0.429,0.388,18.35M,-0.67%
12-Oct-22,0.428,0.427,0.433,0.425,4.81M,0.41%
11-Oct-22,0.427,0.434,0.434,0.421,9.44M,-1.78%
10-Oct-22,0.434,0.452,0.457,0.434,7.86M,-3.97%
09-Oct-22,0.452,0.447,0.456,0.446,4.42M,1.30%
08-Oct-22,0.447,0.448,0.459,0.442,6.41M,-0.42%
07-Oct-22,0.448,0.447,0.453,0.441,6.91M,0.41%
06-Oct-22,0.447,0.454,0.461,0.444,11.39M,-1.54%
05-Oct-22,0.454,0.458,0.459,0.443,9.57M,-1.08%
04-Oct-22,0.458,0.451,0.461,0.449,10.07M,1.57%
03-Oct-22,0.451,0.436,0.453,0.431,10.89M,3.65%
02-Oct-22,0.436,0.45,0.454,0.435,9.58M,-3.32%
01-Oct-22,0.45,0.453,0.456,0.448,6.87M,-0.46%
30-Sep-22,0.453,0.462,0.467,0.449,17.15M,-2.13%
29-Sep-22,0.462,0.461,0.465,0.451,12.67M,0.21%
28-Sep-22,0.461,0.461,0.466,0.443,18.52M,0.00%
27-Sep-22,0.461,0.466,0.484,0.455,27.93M,-0.92%
26-Sep-22,0.466,0.458,0.467,0.448,23.16M,1.63%
25-Sep-22,0.458,0.468,0.476,0.454,18.82M,-2.38%
24-Sep-22,0.469,0.482,0.486,0.466,20.50M,-2.50%
23-Sep-22,0.482,0.481,0.494,0.461,31.92M,0.00%
22-Sep-22,0.481,0.455,0.486,0.453,22.01M,5.69%
21-Sep-22,0.455,0.476,0.495,0.449,42.14M,-4.23%
20-Sep-22,0.476,0.484,0.489,0.472,29.37M,-1.82%
19-Sep-22,0.484,0.469,0.487,0.457,34.17M,3.29%
18-Sep-22,0.469,0.515,0.519,0.461,28.47M,-8.95%
17-Sep-22,0.515,0.497,0.516,0.496,13.98M,3.55%
16-Sep-22,0.497,0.49,0.501,0.484,24.00M,1.53%
15-Sep-22,0.49,0.507,0.508,0.484,28.19M,-3.30%
14-Sep-22,0.507,0.494,0.511,0.489,20.06M,2.57%
13-Sep-22,0.494,0.543,0.547,0.488,37.75M,-8.99%
12-Sep-22,0.543,0.543,0.567,0.532,38.71M,-0.11%
11-Sep-22,0.543,0.546,0.559,0.53,24.18M,-0.60%
10-Sep-22,0.547,0.547,0.555,0.536,26.96M,-0.17%
09-Sep-22,0.547,0.524,0.554,0.524,23.13M,4.37%
08-Sep-22,0.524,0.521,0.531,0.505,16.38M,0.65%
07-Sep-22,0.521,0.483,0.525,0.475,14.45M,7.98%
06-Sep-22,0.483,0.532,0.549,0.482,18.02M,-9.30%
05-Sep-22,0.532,0.535,0.542,0.518,7.33M,-0.51%
04-Sep-22,0.535,0.52,0.538,0.518,10.76M,2.86%
03-Sep-22,0.52,0.508,0.523,0.502,4.89M,2.25%
02-Sep-22,0.508,0.517,0.531,0.501,7.02M,-1.64%
01-Sep-22,0.517,0.517,0.522,0.494,8.99M,0.00%
31-Aug-22,0.517,0.515,0.532,0.514,9.02M,0.42%
30-Aug-22,0.515,0.527,0.536,0.502,9.76M,-2.34%
29-Aug-22,0.527,0.489,0.529,0.486,9.12M,7.91%
28-Aug-22,0.488,0.508,0.52,0.487,7.99M,-3.93%
27-Aug-22,0.508,0.51,0.516,0.499,10.70M,-0.25%
26-Aug-22,0.51,0.571,0.576,0.503,18.55M,-10.81%
25-Aug-22,0.571,0.561,0.582,0.559,8.78M,1.79%
24-Aug-22,0.561,0.567,0.579,0.552,9.50M,-1.05%
23-Aug-22,0.567,0.553,0.572,0.534,8.54M,2.58%
22-Aug-22,0.553,0.57,0.57,0.53,11.44M,-2.99%
21-Aug-22,0.57,0.558,0.58,0.552,7.26M,2.12%
20-Aug-22,0.558,0.562,0.577,0.542,11.45M,-0.69%
19-Aug-22,0.562,0.616,0.618,0.552,22.81M,-8.79%
18-Aug-22,0.616,0.643,0.656,0.609,9.70M,-4.16%
17-Aug-22,0.643,0.673,0.691,0.637,13.58M,-4.51%
16-Aug-22,0.673,0.68,0.69,0.666,11.01M,-1.06%
15-Aug-22,0.68,0.698,0.723,0.671,14.04M,-2.52%
14-Aug-22,0.698,0.702,0.75,0.682,22.99M,-0.58%
13-Aug-22,0.702,0.704,0.717,0.696,8.63M,-0.26%
12-Aug-22,0.704,0.692,0.705,0.678,9.28M,1.73%
11-Aug-22,0.692,0.7,0.709,0.688,15.44M,-1.20%
10-Aug-22,0.7,0.671,0.701,0.654,15.79M,4.44%
09-Aug-22,0.671,0.699,0.709,0.654,16.71M,-4.11%
08-Aug-22,0.699,0.682,0.738,0.677,26.94M,2.54%
07-Aug-22,0.682,0.677,0.693,0.665,10.20M,0.72%
06-Aug-22,0.677,0.708,0.708,0.675,10.98M,-4.43%
05-Aug-22,0.708,0.683,0.709,0.671,22.43M,3.74%
04-Aug-22,0.683,0.63,0.727,0.63,62.43M,8.41%
03-Aug-22,0.63,0.608,0.659,0.595,21.58M,3.62%
02-Aug-22,0.608,0.644,0.654,0.598,21.08M,-5.80%
01-Aug-22,0.645,0.614,0.716,0.611,37.07M,5.16%
31-Jul-22,0.614,0.628,0.654,0.608,26.92M,-2.33%
30-Jul-22,0.628,0.603,0.707,0.601,43.46M,4.22%
29-Jul-22,0.603,0.612,0.633,0.59,24.42M,-1.53%
28-Jul-22,0.612,0.596,0.632,0.575,24.84M,2.54%
27-Jul-22,0.597,0.555,0.597,0.533,18.46M,7.60%
26-Jul-22,0.555,0.529,0.555,0.519,14.78M,4.81%
25-Jul-22,0.529,0.584,0.588,0.529,15.66M,-9.38%
24-Jul-22,0.584,0.594,0.605,0.583,12.00M,-1.60%
23-Jul-22,0.594,0.59,0.615,0.573,15.78M,0.63%
22-Jul-22,0.59,0.615,0.636,0.584,21.77M,-4.10%
21-Jul-22,0.615,0.594,0.624,0.572,30.32M,3.51%
20-Jul-22,0.594,0.624,0.68,0.585,38.11M,-4.80%
19-Jul-22,0.624,0.573,0.634,0.549,34.34M,8.96%
18-Jul-22,0.573,0.498,0.575,0.498,28.46M,15.09%
17-Jul-22,0.498,0.515,0.524,0.497,10.35M,-3.32%
16-Jul-22,0.515,0.502,0.517,0.487,12.03M,2.58%
15-Jul-22,0.502,0.501,0.515,0.496,12.02M,0.25%
14-Jul-22,0.501,0.484,0.505,0.465,12.80M,3.51%
13-Jul-22,0.484,0.464,0.486,0.443,16.50M,4.57%
12-Jul-22,0.463,0.48,0.491,0.462,11.02M,-3.50%
11-Jul-22,0.479,0.526,0.53,0.472,19.07M,-8.79%
10-Jul-22,0.526,0.557,0.557,0.52,10.47M,-5.67%
09-Jul-22,0.557,0.533,0.566,0.533,11.32M,4.57%
08-Jul-22,0.533,0.554,0.564,0.526,13.75M,-3.85%
07-Jul-22,0.554,0.54,0.566,0.537,12.21M,2.65%
06-Jul-22,0.54,0.539,0.547,0.522,13.07M,0.19%
05-Jul-22,0.539,0.518,0.57,0.518,32.72M,4.04%
04-Jul-22,0.518,0.479,0.523,0.468,13.62M,8.15%
03-Jul-22,0.479,0.477,0.485,0.461,7.22M,0.48%
02-Jul-22,0.477,0.479,0.489,0.459,9.52M,-0.43%
01-Jul-22,0.479,0.507,0.52,0.473,16.27M,-5.62%
30-Jun-22,0.507,0.522,0.526,0.464,16.11M,-2.77%
29-Jun-22,0.522,0.532,0.542,0.511,14.44M,-1.92%
28-Jun-22,0.532,0.57,0.595,0.525,17.53M,-6.68%
27-Jun-22,0.57,0.549,0.613,0.547,26.39M,3.83%
26-Jun-22,0.549,0.585,0.602,0.547,18.94M,-6.16%
25-Jun-22,0.585,0.544,0.622,0.533,34.61M,7.56%
24-Jun-22,0.544,0.523,0.555,0.514,15.80M,4.20%
23-Jun-22,0.522,0.464,0.539,0.463,27.59M,12.52%
22-Jun-22,0.464,0.469,0.486,0.446,13.48M,-1.07%
21-Jun-22,0.469,0.46,0.501,0.449,14.77M,1.93%
20-Jun-22,0.46,0.442,0.466,0.425,16.67M,4.10%
19-Jun-22,0.442,0.412,0.449,0.394,17.56M,6.98%
18-Jun-22,0.413,0.44,0.446,0.378,16.67M,-6.11%
17-Jun-22,0.44,0.427,0.452,0.423,11.34M,3.27%
16-Jun-22,0.426,0.484,0.492,0.417,18.85M,-11.95%
15-Jun-22,0.484,0.454,0.484,0.405,28.96M,6.56%
14-Jun-22,0.454,0.448,0.491,0.41,53.27M,1.33%
13-Jun-22,0.448,0.487,0.494,0.41,42.09M,-8.00%
12-Jun-22,0.487,0.538,0.543,0.487,25.15M,-9.44%
11-Jun-22,0.538,0.582,0.599,0.526,16.08M,-7.57%
10-Jun-22,0.582,0.621,0.631,0.573,13.52M,-6.32%
09-Jun-22,0.621,0.62,0.646,0.607,8.70M,0.21%
08-Jun-22,0.62,0.626,0.637,0.611,9.47M,-0.96%
07-Jun-22,0.626,0.653,0.653,0.606,10.34M,-4.13%
06-Jun-22,0.653,0.632,0.669,0.63,8.66M,3.32%
05-Jun-22,0.632,0.621,0.641,0.61,5.17M,1.74%
04-Jun-22,0.621,0.612,0.626,0.597,4.98M,1.50%
03-Jun-22,0.612,0.65,0.651,0.602,10.46M,-5.86%
02-Jun-22,0.65,0.635,0.652,0.622,12.30M,2.51%
01-Jun-22,0.634,0.699,0.709,0.625,13.30M,-9.26%
31-May-22,0.699,0.672,0.718,0.67,19.99M,4.00%
30-May-22,0.672,0.613,0.678,0.605,13.06M,9.61%
29-May-22,0.613,0.6,0.614,0.581,8.97M,2.18%
28-May-22,0.6,0.59,0.61,0.581,10.54M,1.68%
27-May-22,0.59,0.627,0.639,0.579,16.70M,-5.86%
26-May-22,0.627,0.683,0.711,0.601,20.72M,-8.21%
25-May-22,0.683,0.685,0.694,0.656,10.26M,-0.30%
24-May-22,0.685,0.675,0.695,0.64,8.94M,1.46%
23-May-22,0.675,0.717,0.746,0.665,13.82M,-5.85%
22-May-22,0.717,0.688,0.732,0.68,10.03M,4.18%
21-May-22,0.688,0.664,0.696,0.655,8.48M,3.64%
20-May-22,0.664,0.699,0.713,0.647,10.18M,-5.01%
19-May-22,0.699,0.645,0.714,0.625,16.02M,8.41%
18-May-22,0.645,0.74,0.752,0.644,15.40M,-12.87%
17-May-22,0.74,0.703,0.753,0.695,13.15M,5.34%
16-May-22,0.702,0.774,0.774,0.682,14.02M,-9.20%
15-May-22,0.774,0.744,0.774,0.7,16.64M,4.01%
14-May-22,0.744,0.672,0.778,0.646,34.65M,10.65%
13-May-22,0.672,0.58,0.765,0.575,49.82M,15.91%
12-May-22,0.58,0.623,0.672,0.488,63.31M,-6.95%
11-May-22,0.623,0.815,0.85,0.567,59.94M,-23.61%
10-May-22,0.816,0.763,0.903,0.738,44.77M,6.94%
09-May-22,0.763,0.958,0.98,0.76,37.48M,-20.35%
08-May-22,0.958,0.995,1.001,0.94,15.17M,-3.71%
07-May-22,0.995,1.048,1.055,0.97,11.56M,-5.14%
06-May-22,1.049,1.069,1.077,1.014,15.03M,-1.88%
05-May-22,1.069,1.18,1.205,1.04,19.75M,-9.42%
04-May-22,1.18,1.066,1.19,1.06,15.62M,10.67%
03-May-22,1.066,1.071,1.125,1.042,13.25M,-0.36%
02-May-22,1.07,1.095,1.115,1.018,19.07M,-2.26%
01-May-22,1.095,1.06,1.125,1.023,19.76M,3.30%
30-Apr-22,1.06,1.209,1.224,1.006,19.17M,-12.34%
29-Apr-22,1.209,1.297,1.302,1.18,12.67M,-6.79%
28-Apr-22,1.297,1.306,1.326,1.269,9.60M,-0.69%
27-Apr-22,1.306,1.278,1.324,1.257,10.86M,2.24%
26-Apr-22,1.278,1.378,1.421,1.259,15.77M,-7.23%
25-Apr-22,1.377,1.389,1.391,1.281,16.34M,-0.86%
24-Apr-22,1.389,1.404,1.42,1.366,7.66M,-1.04%
23-Apr-22,1.404,1.442,1.448,1.393,6.50M,-2.61%
22-Apr-22,1.442,1.44,1.491,1.421,8.78M,0.14%
21-Apr-22,1.44,1.516,1.556,1.411,13.74M,-5.05%
20-Apr-22,1.516,1.515,1.582,1.476,18.60M,0.05%
19-Apr-22,1.515,1.45,1.526,1.432,11.24M,4.52%
18-Apr-22,1.45,1.424,1.452,1.35,14.77M,1.82%
17-Apr-22,1.424,1.505,1.52,1.417,7.79M,-5.39%
16-Apr-22,1.505,1.527,1.538,1.472,7.60M,-1.43%
15-Apr-22,1.527,1.525,1.538,1.482,8.99M,0.13%
14-Apr-22,1.525,1.589,1.613,1.49,11.39M,-4.02%
13-Apr-22,1.589,1.557,1.61,1.526,13.19M,2.17%
12-Apr-22,1.555,1.5,1.617,1.494,22.05M,3.65%
11-Apr-22,1.5,1.665,1.671,1.467,23.08M,-9.90%
10-Apr-22,1.665,1.804,1.81,1.659,18.64M,-7.71%
09-Apr-22,1.804,1.652,1.826,1.649,37.29M,9.38%
08-Apr-22,1.649,1.672,1.774,1.636,32.15M,-1.33%
07-Apr-22,1.672,1.521,1.733,1.479,38.98M,9.88%
06-Apr-22,1.521,1.699,1.7,1.517,23.32M,-10.44%
05-Apr-22,1.699,1.777,1.812,1.694,12.60M,-4.41%
04-Apr-22,1.777,1.877,1.878,1.695,17.33M,-5.32%
03-Apr-22,1.877,1.853,1.914,1.8,14.55M,1.29%
02-Apr-22,1.853,1.862,1.927,1.821,18.39M,-0.47%
01-Apr-22,1.862,1.796,1.904,1.737,28.76M,3.66%
31-Mar-22,1.796,1.795,1.97,1.743,48.86M,0.23%
30-Mar-22,1.792,1.752,1.838,1.669,23.12M,2.30%
29-Mar-22,1.752,1.708,1.82,1.701,22.42M,2.57%
28-Mar-22,1.708,1.791,1.849,1.685,22.14M,-4.81%
27-Mar-22,1.794,1.658,1.799,1.646,21.24M,8.19%
26-Mar-22,1.658,1.615,1.66,1.586,8.16M,2.67%
25-Mar-22,1.615,1.684,1.687,1.573,19.93M,-4.08%
24-Mar-22,1.684,1.53,1.701,1.53,42.15M,10.00%
23-Mar-22,1.531,1.458,1.565,1.438,18.33M,4.97%
22-Mar-22,1.458,1.436,1.497,1.427,16.78M,1.50%
21-Mar-22,1.436,1.442,1.481,1.404,12.98M,-0.39%
20-Mar-22,1.442,1.511,1.515,1.419,13.06M,-4.57%
19-Mar-22,1.511,1.449,1.551,1.438,15.61M,4.26%
18-Mar-22,1.449,1.404,1.46,1.367,14.87M,3.26%
17-Mar-22,1.404,1.422,1.44,1.388,20.21M,-1.29%
16-Mar-22,1.422,1.323,1.426,1.301,29.19M,7.45%
15-Mar-22,1.323,1.328,1.342,1.278,11.11M,-0.35%
14-Mar-22,1.328,1.297,1.337,1.282,13.64M,2.38%
13-Mar-22,1.297,1.318,1.385,1.284,20.07M,-1.57%
12-Mar-22,1.318,1.307,1.351,1.305,9.34M,0.84%
11-Mar-22,1.307,1.332,1.358,1.287,16.29M,-1.86%
10-Mar-22,1.332,1.393,1.402,1.304,22.75M,-4.39%
09-Mar-22,1.393,1.34,1.444,1.336,27.97M,3.92%
08-Mar-22,1.34,1.307,1.377,1.296,20.12M,2.52%
07-Mar-22,1.307,1.341,1.396,1.279,22.11M,-2.49%
06-Mar-22,1.341,1.419,1.473,1.336,19.18M,-5.53%
05-Mar-22,1.419,1.361,1.44,1.325,17.22M,4.27%
04-Mar-22,1.361,1.48,1.485,1.339,22.66M,-8.09%
03-Mar-22,1.481,1.547,1.561,1.45,14.86M,-4.28%
02-Mar-22,1.547,1.598,1.615,1.519,20.78M,-3.19%
01-Mar-22,1.598,1.565,1.641,1.511,26.78M,2.10%
28-Feb-22,1.565,1.375,1.591,1.336,23.10M,13.81%
27-Feb-22,1.375,1.44,1.492,1.35,22.69M,-4.48%
26-Feb-22,1.44,1.45,1.512,1.426,18.23M,-0.74%
25-Feb-22,1.45,1.358,1.461,1.318,31.62M,6.82%
24-Feb-22,1.358,1.384,1.421,1.163,64.29M,-1.88%
23-Feb-22,1.384,1.47,1.535,1.379,26.80M,-5.84%
22-Feb-22,1.47,1.385,1.474,1.338,31.99M,6.13%
21-Feb-22,1.385,1.529,1.636,1.378,31.12M,-9.43%
20-Feb-22,1.529,1.661,1.663,1.486,17.38M,-7.93%
19-Feb-22,1.661,1.676,1.71,1.604,12.09M,-0.88%
18-Feb-22,1.676,1.74,1.798,1.65,18.03M,-3.70%
17-Feb-22,1.74,1.947,1.995,1.71,24.26M,-10.63%
16-Feb-22,1.947,1.974,2.011,1.885,19.23M,-1.36%
15-Feb-22,1.974,1.751,1.977,1.742,17.88M,12.67%
14-Feb-22,1.752,1.734,1.778,1.678,14.35M,1.02%
13-Feb-22,1.734,1.811,1.839,1.707,11.83M,-4.25%
12-Feb-22,1.811,1.829,1.871,1.756,18.26M,-1.00%
11-Feb-22,1.829,1.986,2.053,1.791,24.40M,-7.89%
10-Feb-22,1.986,2.157,2.159,1.976,27.21M,-7.92%
09-Feb-22,2.157,2.114,2.189,2.01,23.47M,2.19%
08-Feb-22,2.11,2.087,2.164,1.917,27.74M,1.11%
07-Feb-22,2.087,2.063,2.165,2.025,28.02M,1.16%
06-Feb-22,2.063,1.916,2.077,1.908,33.84M,7.65%
05-Feb-22,1.916,1.821,1.99,1.809,30.60M,5.19%
04-Feb-22,1.822,1.695,1.831,1.663,21.10M,7.51%
03-Feb-22,1.695,1.694,1.712,1.618,15.87M,0.03%
02-Feb-22,1.694,1.837,1.86,1.672,14.51M,-7.75%
01-Feb-22,1.836,1.882,1.901,1.819,19.62M,-2.38%
31-Jan-22,1.881,1.786,1.914,1.686,27.90M,5.27%
30-Jan-22,1.787,1.759,1.877,1.732,29.46M,1.60%
29-Jan-22,1.759,1.639,1.76,1.631,23.51M,7.34%
28-Jan-22,1.639,1.58,1.687,1.565,21.45M,3.73%
27-Jan-22,1.58,1.55,1.652,1.458,30.63M,1.94%
26-Jan-22,1.55,1.529,1.737,1.501,35.56M,1.44%
25-Jan-22,1.528,1.503,1.543,1.429,18.95M,1.82%
24-Jan-22,1.5,1.61,1.61,1.327,39.02M,-6.66%
23-Jan-22,1.608,1.507,1.686,1.494,27.72M,6.68%
22-Jan-22,1.507,1.736,1.761,1.352,45.43M,-13.22%
21-Jan-22,1.736,2.115,2.12,1.684,38.61M,-17.88%
20-Jan-22,2.115,2.219,2.355,2.1,14.71M,-4.72%
19-Jan-22,2.219,2.278,2.35,2.206,16.36M,-2.58%
18-Jan-22,2.278,2.324,2.35,2.195,13.05M,-2.02%
17-Jan-22,2.325,2.507,2.538,2.284,14.81M,-7.27%
16-Jan-22,2.507,2.454,2.54,2.439,14.69M,2.18%
15-Jan-22,2.454,2.408,2.542,2.365,15.03M,1.90%
14-Jan-22,2.408,2.378,2.459,2.318,17.15M,1.28%
13-Jan-22,2.378,2.522,2.593,2.365,26.42M,-5.71%
12-Jan-22,2.522,2.313,2.603,2.313,21.33M,9.02%
11-Jan-22,2.313,2.171,2.328,2.144,16.93M,6.56%
10-Jan-22,2.171,2.297,2.343,2.084,22.84M,-5.48%
09-Jan-22,2.297,2.255,2.363,2.239,15.08M,1.82%
08-Jan-22,2.255,2.349,2.434,2.179,19.81M,-3.97%
07-Jan-22,2.349,2.569,2.585,2.319,27.75M,-8.67%
06-Jan-22,2.572,2.441,2.628,2.319,35.93M,5.33%
05-Jan-22,2.441,2.69,2.786,2.242,30.09M,-9.29%
04-Jan-22,2.691,2.79,2.857,2.667,19.87M,-3.53%
03-Jan-22,2.79,2.857,2.948,2.71,25.66M,-2.35%
02-Jan-22,2.857,2.683,2.927,2.663,24.91M,6.49%
01-Jan-22,2.683,2.575,2.699,2.564,10.54M,4.19%
31-Dec-21,2.575,2.646,2.737,2.519,22.36M,-2.71%
30-Dec-21,2.647,2.645,2.747,2.554,16.77M,0.12%
29-Dec-21,2.644,2.751,2.863,2.608,21.74M,-3.92%
28-Dec-21,2.751,3.077,3.081,2.717,27.74M,-10.58%
27-Dec-21,3.077,3.187,3.246,3.062,21.16M,-3.44%
26-Dec-21,3.187,3.13,3.338,3.007,28.76M,1.81%
25-Dec-21,3.13,2.795,3.272,2.774,31.17M,12.00%
24-Dec-21,2.795,2.976,2.977,2.753,15.89M,-6.09%
23-Dec-21,2.976,2.587,2.978,2.542,20.75M,15.08%
22-Dec-21,2.586,2.436,2.722,2.434,19.62M,6.14%
21-Dec-21,2.436,2.307,2.467,2.263,14.69M,5.60%
20-Dec-21,2.307,2.338,2.369,2.165,12.33M,-1.32%
19-Dec-21,2.338,2.413,2.484,2.332,10.46M,-3.10%
18-Dec-21,2.413,2.302,2.448,2.258,13.14M,4.80%
17-Dec-21,2.302,2.374,2.418,2.216,14.07M,-3.09%
16-Dec-21,2.375,2.487,2.567,2.366,14.77M,-4.52%
15-Dec-21,2.488,2.351,2.517,2.196,17.07M,5.78%
14-Dec-21,2.352,2.323,2.371,2.24,14.98M,1.17%
13-Dec-21,2.325,2.691,2.754,2.261,16.49M,-13.78%
12-Dec-21,2.696,2.545,2.739,2.533,12.94M,5.97%
11-Dec-21,2.545,2.427,2.567,2.369,11.43M,4.97%
10-Dec-21,2.424,2.571,2.673,2.416,16.95M,-5.71%
09-Dec-21,2.571,2.901,2.92,2.546,19.82M,-11.34%
08-Dec-21,2.9,2.8,2.924,2.635,16.84M,3.57%
07-Dec-21,2.8,2.887,3.006,2.744,22.50M,-3.43%
06-Dec-21,2.899,2.727,2.918,2.369,24.60M,6.36%
05-Dec-21,2.726,3.026,3.137,2.625,32.39M,-9.91%
04-Dec-21,3.026,3.097,3.106,2.088,47.57M,-2.30%
03-Dec-21,3.097,3.402,3.435,2.923,21.38M,-8.98%
02-Dec-21,3.403,3.528,3.528,3.282,15.94M,-3.58%
01-Dec-21,3.529,3.495,3.685,3.474,19.95M,0.97%
30-Nov-21,3.495,3.639,3.75,3.48,23.90M,-3.91%
29-Nov-21,3.637,3.844,3.929,3.636,33.86M,-5.32%
28-Nov-21,3.842,3.708,3.845,3.288,42.25M,3.58%
27-Nov-21,3.709,3.835,3.964,3.596,30.39M,-3.29%
26-Nov-21,3.835,4.219,4.436,3.578,56.16M,-9.09%
25-Nov-21,4.219,4.49,4.839,4.027,75.37M,-6.04%
24-Nov-21,4.49,3.849,4.686,3.753,90.33M,16.66%
23-Nov-21,3.849,3.599,4.143,3.471,69.35M,6.94%
22-Nov-21,3.599,3.298,3.619,3.152,38.63M,9.13%
21-Nov-21,3.298,3.64,3.645,3.292,37.05M,-9.38%
20-Nov-21,3.64,3.609,3.901,3.445,70.96M,0.84%
19-Nov-21,3.609,3.046,3.758,2.995,90.33M,18.50%
18-Nov-21,3.046,3.014,3.26,2.756,61.41M,1.58%
17-Nov-21,2.998,2.85,3.088,2.807,33.12M,5.21%
16-Nov-21,2.85,3.033,3.033,2.557,39.18M,-6.04%
15-Nov-21,3.033,3.084,3.239,3.001,22.22M,-1.64%
14-Nov-21,3.084,3.042,3.085,2.942,17.39M,1.24%
13-Nov-21,3.046,3.078,3.273,3.022,32.28M,-1.05%
12-Nov-21,3.078,2.972,3.147,2.912,33.69M,3.56%
11-Nov-21,2.972,2.833,3.072,2.782,26.07M,4.99%
10-Nov-21,2.831,2.974,3.186,2.605,37.27M,-4.81%
09-Nov-21,2.974,3.171,3.27,2.955,31.82M,-6.20%
08-Nov-21,3.171,3.317,3.317,3.125,30.16M,-4.44%
07-Nov-21,3.318,3.51,3.615,3.277,57.88M,-5.47%
06-Nov-21,3.51,2.959,3.544,2.94,96.10M,18.64%
05-Nov-21,2.958,2.99,3.262,2.861,57.89M,-1.05%
04-Nov-21,2.99,2.862,3.368,2.735,87.79M,4.48%
03-Nov-21,2.862,3.118,3.199,2.735,56.66M,-8.22%
02-Nov-21,3.118,2.597,3.256,2.577,95.95M,20.01%
01-Nov-21,2.598,2.566,2.774,2.379,65.20M,1.24%
31-Oct-21,2.566,3.03,3.493,2.425,117.12M,-15.32%
30-Oct-21,3.03,2.458,3.299,2.291,129.13M,23.29%
29-Oct-21,2.458,2.318,2.599,2.314,51.65M,6.05%
28-Oct-21,2.318,2.089,2.393,2.069,63.05M,11.17%
27-Oct-21,2.085,2.01,2.296,1.813,75.78M,3.72%
26-Oct-21,2.01,1.906,2.152,1.893,33.76M,5.69%
25-Oct-21,1.902,1.772,1.924,1.763,12.29M,7.34%
24-Oct-21,1.772,1.839,1.881,1.731,10.20M,-3.69%
23-Oct-21,1.84,1.834,1.871,1.779,7.52M,0.32%
22-Oct-21,1.834,1.799,1.905,1.777,16.86M,1.94%
21-Oct-21,1.799,1.847,1.863,1.739,25.86M,-2.60%
20-Oct-21,1.847,1.604,1.981,1.577,42.44M,15.15%
19-Oct-21,1.604,1.634,1.648,1.58,7.24M,-1.83%
18-Oct-21,1.634,1.637,1.65,1.572,6.53M,-0.19%
17-Oct-21,1.637,1.715,1.72,1.555,11.37M,-4.56%
16-Oct-21,1.715,1.608,1.764,1.604,19.43M,6.66%
15-Oct-21,1.608,1.618,1.629,1.524,11.98M,-0.61%
14-Oct-21,1.618,1.585,1.647,1.561,7.77M,2.07%
13-Oct-21,1.585,1.535,1.59,1.49,7.99M,3.27%
12-Oct-21,1.535,1.562,1.562,1.449,9.33M,-1.73%
11-Oct-21,1.562,1.58,1.651,1.518,7.85M,-1.27%
10-Oct-21,1.582,1.72,1.72,1.575,8.55M,-8.01%
09-Oct-21,1.72,1.696,1.72,1.653,8.88M,1.40%
08-Oct-21,1.696,1.669,1.728,1.634,13.23M,1.75%
07-Oct-21,1.667,1.645,1.678,1.596,13.22M,1.33%
06-Oct-21,1.645,1.693,1.749,1.546,21.01M,-2.78%
05-Oct-21,1.692,1.567,1.722,1.549,22.83M,7.98%
04-Oct-21,1.567,1.55,1.697,1.525,26.50M,1.09%
03-Oct-21,1.55,1.505,1.555,1.469,10.73M,2.99%
02-Oct-21,1.505,1.525,1.573,1.49,13.87M,-1.30%
01-Oct-21,1.525,1.308,1.539,1.292,13.73M,16.49%
30-Sep-21,1.309,1.223,1.335,1.217,7.83M,6.89%
29-Sep-21,1.225,1.203,1.272,1.194,6.00M,1.81%
28-Sep-21,1.203,1.262,1.284,1.197,8.39M,-4.74%
27-Sep-21,1.263,1.327,1.375,1.261,11.18M,-4.80%
26-Sep-21,1.327,1.334,1.402,1.256,14.04M,-0.54%
25-Sep-21,1.334,1.343,1.374,1.288,10.98M,-0.69%
24-Sep-21,1.343,1.478,1.487,1.253,12.65M,-9.13%
23-Sep-21,1.478,1.413,1.486,1.378,9.28M,4.61%
22-Sep-21,1.413,1.223,1.42,1.198,12.28M,15.50%
21-Sep-21,1.223,1.339,1.399,1.19,19.26M,-8.64%
20-Sep-21,1.339,1.57,1.575,1.296,19.19M,-14.72%
19-Sep-21,1.57,1.646,1.65,1.554,6.41M,-4.62%
18-Sep-21,1.646,1.634,1.69,1.612,7.05M,0.75%
17-Sep-21,1.634,1.681,1.697,1.603,7.98M,-2.80%
16-Sep-21,1.681,1.766,1.773,1.641,9.09M,-4.82%
15-Sep-21,1.766,1.681,1.773,1.662,8.93M,5.13%
14-Sep-21,1.68,1.629,1.684,1.601,7.90M,3.12%
13-Sep-21,1.629,1.712,1.719,1.511,11.46M,-4.64%
12-Sep-21,1.708,1.679,1.755,1.635,8.85M,1.90%
11-Sep-21,1.676,1.645,1.738,1.631,9.36M,1.86%
10-Sep-21,1.646,1.789,1.864,1.612,15.12M,-7.85%
09-Sep-21,1.786,1.722,1.841,1.687,17.85M,3.72%
08-Sep-21,1.722,1.749,1.796,1.53,33.88M,-1.54%
07-Sep-21,1.749,2.179,2.184,1.49,49.59M,-19.74%
06-Sep-21,2.179,2.194,2.26,2.102,20.18M,-0.66%
05-Sep-21,2.194,2.095,2.198,2.063,16.88M,4.71%
04-Sep-21,2.095,2.068,2.134,2.036,16.41M,1.31%
03-Sep-21,2.068,2.047,2.099,1.999,15.08M,1.02%
02-Sep-21,2.047,2.081,2.122,2.031,17.69M,-1.64%
01-Sep-21,2.081,2.017,2.088,1.953,20.80M,3.01%
31-Aug-21,2.02,2.08,2.146,1.983,34.45M,-2.87%
30-Aug-21,2.08,2.183,2.315,2.054,53.43M,-4.72%
29-Aug-21,2.183,2.055,2.22,1.942,37.94M,6.20%
28-Aug-21,2.056,2.003,2.075,1.95,24.76M,2.63%
27-Aug-21,2.003,1.85,2.038,1.801,28.89M,8.31%
26-Aug-21,1.849,2.07,2.077,1.822,33.29M,-10.54%
25-Aug-21,2.067,1.89,2.076,1.785,47.89M,9.36%
24-Aug-21,1.89,2.184,2.184,1.864,50.66M,-13.47%
23-Aug-21,2.184,1.842,2.188,1.812,59.88M,18.54%
22-Aug-21,1.842,1.839,1.947,1.73,41.80M,0.43%
21-Aug-21,1.835,1.67,1.957,1.658,51.46M,9.88%
20-Aug-21,1.67,1.583,1.67,1.566,16.50M,5.47%
19-Aug-21,1.583,1.522,1.583,1.465,15.06M,3.97%
18-Aug-21,1.522,1.537,1.569,1.45,18.10M,-0.97%
17-Aug-21,1.537,1.62,1.706,1.523,20.69M,-5.12%
16-Aug-21,1.62,1.667,1.755,1.603,22.74M,-2.78%
15-Aug-21,1.667,1.684,1.687,1.588,13.40M,-1.02%
14-Aug-21,1.684,1.676,1.725,1.617,18.77M,0.54%
13-Aug-21,1.675,1.565,1.679,1.548,13.77M,7.12%
12-Aug-21,1.564,1.621,1.668,1.482,20.29M,-3.55%
11-Aug-21,1.621,1.624,1.7,1.59,23.22M,-0.18%
10-Aug-21,1.624,1.533,1.637,1.51,28.91M,5.95%
09-Aug-21,1.533,1.411,1.61,1.36,32.83M,8.64%
08-Aug-21,1.411,1.499,1.535,1.385,19.79M,-5.85%
07-Aug-21,1.499,1.443,1.544,1.424,29.74M,3.85%
06-Aug-21,1.443,1.407,1.462,1.384,19.72M,2.65%
05-Aug-21,1.406,1.405,1.413,1.34,17.39M,0.07%
04-Aug-21,1.405,1.355,1.41,1.335,21.75M,3.87%
03-Aug-21,1.352,1.387,1.416,1.324,17.81M,-2.50%
02-Aug-21,1.387,1.376,1.421,1.342,18.50M,0.85%
01-Aug-21,1.376,1.438,1.483,1.36,25.08M,-4.31%
31-Jul-21,1.438,1.441,1.456,1.402,24.22M,-0.25%
30-Jul-21,1.441,1.397,1.445,1.331,31.19M,3.12%
29-Jul-21,1.397,1.329,1.5,1.308,64.32M,5.15%
28-Jul-21,1.329,1.351,1.38,1.294,27.38M,-1.64%
27-Jul-21,1.351,1.29,1.39,1.224,50.03M,4.73%
26-Jul-21,1.29,1.366,1.444,1.268,52.89M,-6.01%
25-Jul-21,1.373,1.266,1.376,1.247,49.58M,5.85%
24-Jul-21,1.297,1.243,1.366,1.223,59.46M,4.36%
23-Jul-21,1.243,1.124,1.243,1.105,38.94M,10.56%
22-Jul-21,1.124,1.097,1.142,1.067,24.63M,2.78%
21-Jul-21,1.094,0.996,1.13,0.96,29.48M,9.85%
20-Jul-21,0.996,1.073,1.088,0.928,24.94M,-7.21%
19-Jul-21,1.073,1.184,1.185,1.059,16.96M,-9.40%
18-Jul-21,1.184,1.19,1.249,1.157,13.91M,-0.50%
17-Jul-21,1.19,1.179,1.224,1.163,19.56M,0.92%
16-Jul-21,1.179,1.252,1.311,1.177,34.30M,-5.83%
15-Jul-21,1.252,1.321,1.462,1.195,79.92M,-5.18%
14-Jul-21,1.321,1.218,1.349,1.121,39.58M,8.48%
13-Jul-21,1.218,1.31,1.326,1.184,24.09M,-7.06%
12-Jul-21,1.31,1.374,1.382,1.263,21.97M,-4.67%
11-Jul-21,1.374,1.287,1.406,1.274,36.87M,6.79%
10-Jul-21,1.287,1.29,1.376,1.246,47.67M,0.26%
09-Jul-21,1.284,1.215,1.308,1.136,35.52M,5.64%
08-Jul-21,1.215,1.403,1.508,1.193,70.50M,-13.40%
07-Jul-21,1.403,1.176,1.425,1.153,62.14M,19.30%
06-Jul-21,1.176,1.106,1.219,1.105,19.38M,6.36%
05-Jul-21,1.106,1.171,1.171,1.073,14.93M,-5.58%
04-Jul-21,1.171,1.141,1.2,1.141,15.45M,2.62%
03-Jul-21,1.141,1.123,1.142,1.086,10.60M,1.60%
02-Jul-21,1.123,1.142,1.157,1.057,13.14M,-2.00%
01-Jul-21,1.146,1.163,1.242,1.082,41.53M,-1.44%
30-Jun-21,1.163,1.088,1.163,1.037,31.05M,6.85%
29-Jun-21,1.088,1.026,1.133,1.026,21.63M,6.09%
28-Jun-21,1.026,1.004,1.038,0.978,15.83M,2.59%
27-Jun-21,1,0.953,1.002,0.93,11.91M,5.11%
26-Jun-21,0.951,0.944,0.985,0.892,15.02M,0.72%
25-Jun-21,0.944,1.073,1.109,0.933,22.17M,-11.98%
24-Jun-21,1.073,1.049,1.079,0.976,21.28M,2.25%
23-Jun-21,1.049,0.912,1.084,0.88,31.98M,15.01%
22-Jun-21,0.912,0.941,1.008,0.766,50.59M,-3.02%
21-Jun-21,0.941,1.25,1.262,0.932,38.99M,-24.73%
20-Jun-21,1.25,1.239,1.269,1.139,16.18M,0.91%
19-Jun-21,1.239,1.276,1.298,1.236,10.42M,-2.89%
18-Jun-21,1.276,1.399,1.4,1.227,18.39M,-8.79%
17-Jun-21,1.399,1.398,1.495,1.375,21.88M,0.00%
16-Jun-21,1.398,1.404,1.53,1.352,45.12M,-0.43%
15-Jun-21,1.404,1.427,1.483,1.37,25.86M,-1.63%
14-Jun-21,1.427,1.306,1.476,1.272,38.19M,9.26%
13-Jun-21,1.306,1.237,1.324,1.198,18.58M,6.07%
12-Jun-21,1.232,1.3,1.331,1.155,32.03M,-5.26%
11-Jun-21,1.3,1.292,1.567,1.246,61.56M,0.77%
10-Jun-21,1.29,1.372,1.38,1.25,15.45M,-6.01%
09-Jun-21,1.372,1.331,1.372,1.237,22.35M,3.11%
08-Jun-21,1.331,1.336,1.369,1.152,26.92M,-0.37%
07-Jun-21,1.336,1.479,1.522,1.323,17.14M,-9.64%
06-Jun-21,1.479,1.454,1.517,1.441,11.05M,1.71%
05-Jun-21,1.454,1.499,1.595,1.405,22.79M,-3.04%
04-Jun-21,1.499,1.649,1.704,1.421,33.52M,-9.05%
03-Jun-21,1.649,1.578,1.692,1.54,27.36M,4.50%
02-Jun-21,1.578,1.57,1.645,1.529,24.78M,0.46%
01-Jun-21,1.57,1.629,1.714,1.545,34.59M,-3.59%
31-May-21,1.629,1.518,1.651,1.431,62.04M,6.65%
30-May-21,1.527,1.35,1.745,1.247,106.46M,13.13%
29-May-21,1.35,1.429,1.476,1.23,43.58M,-5.54%
28-May-21,1.429,1.714,1.745,1.33,73.25M,-16.61%
27-May-21,1.714,1.933,2.001,1.659,91.26M,-10.92%
26-May-21,1.924,1.237,2.054,1.204,129.45M,55.53%
25-May-21,1.237,1.261,1.31,1.09,38.91M,-1.90%
24-May-21,1.261,0.944,1.326,0.918,68.08M,33.58%
23-May-21,0.944,1.185,1.22,0.741,56.60M,-20.29%
22-May-21,1.184,1.28,1.294,1.116,27.59M,-7.52%
21-May-21,1.28,1.483,1.592,1.057,45.77M,-13.69%
20-May-21,1.483,1.198,1.563,1.037,55.94M,23.82%
19-May-21,1.198,1.889,1.935,0.867,68.66M,-36.57%
18-May-21,1.889,1.8,2.016,1.775,26.17M,4.93%
17-May-21,1.8,1.967,1.989,1.722,31.87M,-8.50%
16-May-21,1.967,1.951,2.153,1.817,32.21M,0.98%
15-May-21,1.948,2.127,2.146,1.938,27.93M,-8.42%
14-May-21,2.127,2.053,2.177,2.041,19.89M,3.58%
13-May-21,2.053,2.02,2.178,1.873,30.59M,3.05%
12-May-21,1.993,2.334,2.599,1.993,42.79M,-14.62%
11-May-21,2.334,2.2,2.348,2.142,21.35M,6.10%
10-May-21,2.2,2.432,2.502,2.043,23.68M,-9.55%
09-May-21,2.432,2.467,2.48,2.324,16.43M,-1.42%
08-May-21,2.467,2.49,2.59,2.427,20.09M,-0.90%
07-May-21,2.49,2.475,2.716,2.402,37.45M,0.59%
06-May-21,2.475,2.586,2.589,2.403,25.29M,-4.43%
05-May-21,2.59,2.311,2.616,2.311,28.55M,12.04%
04-May-21,2.311,2.618,2.626,2.311,32.77M,-11.70%
03-May-21,2.618,2.627,2.739,2.591,25.07M,-0.35%
02-May-21,2.627,2.718,2.725,2.591,19.25M,-3.36%
01-May-21,2.718,2.765,2.824,2.658,22.59M,-1.71%
30-Apr-21,2.765,2.642,2.8,2.565,30.86M,4.68%
29-Apr-21,2.642,2.729,2.848,2.522,44.74M,-3.20%
28-Apr-21,2.729,2.6,2.775,2.36,52.12M,4.97%
27-Apr-21,2.6,2.538,2.649,2.47,29.34M,2.43%
26-Apr-21,2.538,2.033,2.551,2.011,44.67M,24.85%
25-Apr-21,2.033,2.015,2.233,1.922,19.93M,0.90%
24-Apr-21,2.015,2.239,2.253,1.993,22.35M,-10.04%
23-Apr-21,2.239,2.215,2.255,1.728,58.27M,1.12%
22-Apr-21,2.215,2.474,2.57,2.183,37.09M,-10.49%
21-Apr-21,2.474,2.564,2.791,2.464,38.54M,-3.50%
20-Apr-21,2.564,2.404,2.619,2.167,34.96M,6.62%
19-Apr-21,2.405,2.69,2.766,2.38,26.74M,-10.60%
18-Apr-21,2.69,2.963,2.985,2.194,39.03M,-9.12%
17-Apr-21,2.96,3.014,3.153,2.937,29.45M,-1.79%
16-Apr-21,3.014,3.167,3.19,2.837,35.90M,-4.85%
15-Apr-21,3.167,2.908,3.266,2.867,40.96M,8.82%
14-Apr-21,2.911,3.075,3.091,2.791,33.44M,-5.36%
13-Apr-21,3.075,3.001,3.225,2.963,40.62M,2.47%
12-Apr-21,3.001,3.118,3.151,2.91,37.56M,-3.74%
11-Apr-21,3.118,3.22,3.293,2.998,55.87M,-3.17%
10-Apr-21,3.22,3.424,3.562,3.144,100.07M,-6.69%
09-Apr-21,3.45,3.242,3.983,3.122,216.05M,6.42%
08-Apr-21,3.242,2.843,3.469,2.585,222.62M,14.04%
07-Apr-21,2.843,2.322,2.856,2.029,155.74M,22.45%
06-Apr-21,2.322,2.466,2.472,2.301,43.66M,-5.84%
05-Apr-21,2.466,2.406,2.632,2.267,60.71M,2.33%
04-Apr-21,2.41,2.309,2.444,2.276,24.92M,4.34%
03-Apr-21,2.309,2.562,2.572,2.265,28.92M,-9.86%
02-Apr-21,2.562,2.488,2.57,2.416,29.57M,2.98%
01-Apr-21,2.488,2.553,2.628,2.43,39.70M,-2.54%
31-Mar-21,2.553,2.49,2.647,2.312,64.72M,2.50%
30-Mar-21,2.49,2.493,2.498,2.414,29.84M,-0.09%
29-Mar-21,2.493,2.511,2.559,2.38,41.05M,-0.77%
28-Mar-21,2.512,2.302,2.626,2.264,69.29M,9.12%
27-Mar-21,2.302,2.327,2.368,2.21,38.52M,-1.08%
26-Mar-21,2.327,2.099,2.327,2.094,55.10M,10.87%
25-Mar-21,2.099,2.159,2.211,2.009,61.70M,-2.77%
24-Mar-21,2.159,2.052,2.543,2.004,123.76M,5.20%
23-Mar-21,2.052,2.159,2.205,1.971,58.66M,-4.94%
22-Mar-21,2.159,2.437,2.437,2.055,54.54M,-11.42%
21-Mar-21,2.437,2.198,2.498,2.145,70.39M,10.89%
20-Mar-21,2.198,2.483,2.5,2.196,57.66M,-11.49%
19-Mar-21,2.483,2.656,2.656,2.463,54.76M,-6.52%
18-Mar-21,2.656,2.448,2.793,2.441,107.26M,8.49%
17-Mar-21,2.448,2.551,2.687,2.256,108.79M,-4.01%
16-Mar-21,2.551,2.679,2.914,2.348,152.22M,-4.80%
15-Mar-21,2.679,2.337,3.067,2.331,246.59M,14.64%
14-Mar-21,2.337,2.035,2.64,1.933,160.55M,14.89%
13-Mar-21,2.034,2.068,2.194,1.919,99.80M,-1.64%
12-Mar-21,2.068,1.791,2.21,1.791,183.77M,15.49%
11-Mar-21,1.791,1.648,1.94,1.61,131.20M,8.64%
10-Mar-21,1.648,1.7,1.749,1.525,90.90M,-3.06%
09-Mar-21,1.7,1.734,1.94,1.651,171.78M,-1.93%
08-Mar-21,1.734,1.406,1.867,1.391,315.10M,23.32%
07-Mar-21,1.406,1.157,1.436,1.126,174.23M,21.55%
06-Mar-21,1.157,1.198,1.258,1.085,107.26M,-3.46%
05-Mar-21,1.198,1.292,1.37,1.141,191.26M,-7.28%
04-Mar-21,1.292,1.182,1.51,1.086,438.68M,9.35%
03-Mar-21,1.182,0.786,1.341,0.773,451.01M,50.25%
02-Mar-21,0.786,0.697,0.87,0.655,224.85M,12.88%
01-Mar-21,0.697,0.572,0.724,0.563,107.09M,21.83%
28-Feb-21,0.572,0.567,0.589,0.476,43.27M,0.77%
27-Feb-21,0.567,0.576,0.652,0.553,51.42M,-1.44%
26-Feb-21,0.576,0.542,0.622,0.525,88.74M,6.15%
25-Feb-21,0.542,0.491,0.668,0.49,155.73M,10.36%
24-Feb-21,0.491,0.452,0.51,0.424,29.86M,8.83%
23-Feb-21,0.452,0.542,0.545,0.349,70.27M,-16.65%
22-Feb-21,0.542,0.573,0.671,0.451,100.17M,-5.48%
21-Feb-21,0.573,0.551,0.586,0.542,20.34M,3.37%
20-Feb-21,0.555,0.602,0.605,0.516,34.84M,-7.84%
19-Feb-21,0.602,0.586,0.62,0.55,34.86M,2.66%
18-Feb-21,0.586,0.55,0.591,0.541,30.38M,6.55%
17-Feb-21,0.55,0.543,0.57,0.5,24.09M,1.25%
16-Feb-21,0.543,0.524,0.588,0.514,33.38M,3.69%
15-Feb-21,0.524,0.55,0.568,0.447,38.40M,-4.79%
14-Feb-21,0.55,0.592,0.623,0.531,29.78M,-7.08%
13-Feb-21,0.592,0.611,0.629,0.54,39.83M,-2.99%
12-Feb-21,0.611,0.602,0.65,0.561,77.24M,1.51%
11-Feb-21,0.601,0.425,0.663,0.42,248.45M,41.50%
10-Feb-21,0.425,0.419,0.454,0.386,67.52M,1.23%
09-Feb-21,0.42,0.399,0.435,0.391,57.53M,5.28%
08-Feb-21,0.399,0.38,0.405,0.373,37.82M,4.92%
07-Feb-21,0.38,0.391,0.407,0.357,39.86M,-2.79%
06-Feb-21,0.391,0.412,0.416,0.352,52.59M,-5.15%
05-Feb-21,0.412,0.366,0.416,0.361,73.06M,12.91%
04-Feb-21,0.365,0.374,0.382,0.335,52.97M,-2.36%
03-Feb-21,0.374,0.365,0.377,0.357,23.58M,2.35%
02-Feb-21,0.365,0.342,0.385,0.337,58.53M,6.68%
01-Feb-21,0.342,0.343,0.359,0.315,53.00M,-0.19%
31-Jan-21,0.343,0.336,0.365,0.33,45.79M,2.16%
30-Jan-21,0.336,0.36,0.362,0.331,28.21M,-6.77%
29-Jan-21,0.36,0.371,0.374,0.345,40.74M,-2.95%
28-Jan-21,0.371,0.363,0.392,0.343,57.37M,2.18%
27-Jan-21,0.363,0.439,0.439,0.356,57.74M,-17.32%
26-Jan-21,0.439,0.473,0.488,0.385,156.52M,-6.89%
25-Jan-21,0.472,0.42,0.494,0.404,107.42M,12.35%
24-Jan-21,0.42,0.429,0.429,0.397,45.01M,-2.12%
23-Jan-21,0.429,0.381,0.445,0.375,96.10M,12.51%
22-Jan-21,0.381,0.329,0.414,0.292,132.15M,15.17%
21-Jan-21,0.331,0.422,0.433,0.326,141.54M,-21.44%
20-Jan-21,0.422,0.362,0.462,0.353,328.04M,16.57%
19-Jan-21,0.362,0.247,0.441,0.237,401.43M,46.36%
18-Jan-21,0.247,0.232,0.271,0.227,105.82M,6.37%
17-Jan-21,0.232,0.195,0.296,0.195,178.04M,19.02%
16-Jan-21,0.195,0.189,0.208,0.187,42.64M,3.31%
15-Jan-21,0.189,0.183,0.198,0.169,42.93M,3.18%
14-Jan-21,0.183,0.18,0.19,0.172,25.66M,1.70%
13-Jan-21,0.18,0.167,0.181,0.157,21.19M,7.72%
12-Jan-21,0.167,0.163,0.18,0.156,42.05M,2.38%
11-Jan-21,0.163,0.186,0.186,0.14,52.37M,-12.06%
10-Jan-21,0.186,0.204,0.213,0.168,50.14M,-9.18%
09-Jan-21,0.204,0.215,0.215,0.189,81.92M,-4.96%
08-Jan-21,0.215,0.164,0.271,0.164,331.66M,31.20%
07-Jan-21,0.164,0.16,0.188,0.155,44.57M,2.50%
06-Jan-21,0.16,0.147,0.163,0.143,37.13M,8.86%
05-Jan-21,0.147,0.141,0.148,0.134,24.81M,3.85%
04-Jan-21,0.141,0.135,0.147,0.129,32.62M,4.95%
03-Jan-21,0.135,0.132,0.137,0.128,20.48M,2.46%
02-Jan-21,0.132,0.136,0.136,0.127,13.28M,-3.04%
01-Jan-21,0.136,0.13,0.139,0.129,14.15M,4.52%
31-Dec-20,0.13,0.129,0.131,0.124,13.21M,0.00%
30-Dec-20,0.13,0.133,0.137,0.129,15.40M,-2.40%
29-Dec-20,0.133,0.139,0.141,0.13,18.58M,-4.23%
28-Dec-20,0.139,0.137,0.144,0.135,13.54M,1.51%
27-Dec-20,0.137,0.141,0.147,0.134,17.07M,-2.84%
26-Dec-20,0.141,0.141,0.141,0.134,9.22M,0.00%
25-Dec-20,0.141,0.144,0.145,0.139,8.76M,-2.31%
24-Dec-20,0.144,0.122,0.144,0.12,17.37M,17.90%
23-Dec-20,0.122,0.145,0.145,0.116,20.89M,-15.59%
22-Dec-20,0.145,0.145,0.147,0.139,13.88M,0.00%
21-Dec-20,0.145,0.152,0.156,0.141,16.75M,-4.77%
20-Dec-20,0.152,0.159,0.159,0.15,10.24M,-4.08%
19-Dec-20,0.159,0.16,0.167,0.158,11.45M,-0.94%
18-Dec-20,0.16,0.153,0.164,0.15,13.21M,5.02%
17-Dec-20,0.153,0.155,0.162,0.151,20.41M,-1.29%
16-Dec-20,0.155,0.155,0.157,0.151,14.37M,-0.39%
15-Dec-20,0.155,0.151,0.159,0.147,15.44M,2.96%
14-Dec-20,0.151,0.144,0.153,0.142,13.61M,4.91%
13-Dec-20,0.144,0.144,0.146,0.141,8.79M,-0.48%
12-Dec-20,0.144,0.14,0.145,0.14,5.09M,3.33%
11-Dec-20,0.14,0.142,0.143,0.134,8.09M,-1.68%
10-Dec-20,0.142,0.141,0.144,0.137,11.61M,0.93%
09-Dec-20,0.141,0.14,0.142,0.131,14.05M,0.44%
08-Dec-20,0.14,0.152,0.157,0.139,19.18M,-7.43%
07-Dec-20,0.152,0.153,0.157,0.149,9.84M,-0.81%
06-Dec-20,0.153,0.153,0.154,0.148,12.65M,0.00%
05-Dec-20,0.153,0.146,0.156,0.143,17.05M,4.37%
04-Dec-20,0.146,0.157,0.162,0.144,31.68M,-6.87%
03-Dec-20,0.157,0.161,0.164,0.153,12.35M,-2.52%
02-Dec-20,0.161,0.146,0.161,0.144,14.72M,10.10%
01-Dec-20,0.146,0.149,0.154,0.136,21.90M,-1.62%
30-Nov-20,0.149,0.144,0.149,0.139,14.90M,3.66%
29-Nov-20,0.144,0.145,0.145,0.141,8.05M,-0.64%
28-Nov-20,0.145,0.141,0.151,0.14,11.00M,2.26%
27-Nov-20,0.141,0.142,0.145,0.133,12.20M,0.00%
26-Nov-20,0.142,0.162,0.168,0.134,37.28M,-12.58%
25-Nov-20,0.162,0.159,0.178,0.154,31.34M,1.68%
24-Nov-20,0.159,0.155,0.164,0.147,26.09M,2.95%
23-Nov-20,0.155,0.145,0.157,0.141,15.28M,6.50%
22-Nov-20,0.145,0.151,0.154,0.136,14.47M,-3.51%
21-Nov-20,0.151,0.14,0.151,0.137,12.39M,7.60%
20-Nov-20,0.14,0.137,0.141,0.135,8.16M,2.39%
19-Nov-20,0.137,0.138,0.141,0.134,6.17M,-1.08%
18-Nov-20,0.138,0.146,0.147,0.134,10.53M,-5.30%
17-Nov-20,0.146,0.145,0.147,0.143,7.39M,0.42%
16-Nov-20,0.145,0.144,0.15,0.141,8.06M,0.92%
15-Nov-20,0.144,0.141,0.15,0.138,14.03M,1.80%
14-Nov-20,0.141,0.144,0.144,0.135,5.34M,-1.49%
13-Nov-20,0.144,0.135,0.144,0.133,7.59M,6.68%
12-Nov-20,0.135,0.138,0.142,0.132,6.03M,-2.55%
11-Nov-20,0.138,0.14,0.145,0.137,8.45M,-1.24%
10-Nov-20,0.14,0.134,0.142,0.132,7.57M,4.58%
09-Nov-20,0.134,0.136,0.138,0.128,4.18M,-1.92%
08-Nov-20,0.136,0.128,0.139,0.126,4.97M,6.70%
07-Nov-20,0.128,0.138,0.144,0.124,11.84M,-7.20%
06-Nov-20,0.138,0.124,0.138,0.123,10.21M,11.38%
05-Nov-20,0.124,0.118,0.126,0.118,6.64M,4.48%
04-Nov-20,0.118,0.119,0.12,0.111,4.33M,-0.56%
03-Nov-20,0.119,0.121,0.121,0.115,6.67M,-1.98%
02-Nov-20,0.121,0.127,0.129,0.121,3.67M,-4.38%
01-Nov-20,0.127,0.127,0.129,0.124,4.06M,0.00%
31-Oct-20,0.127,0.126,0.131,0.126,3.41M,0.97%
30-Oct-20,0.126,0.132,0.134,0.125,5.47M,-4.61%
29-Oct-20,0.132,0.135,0.138,0.13,3.94M,-1.82%
28-Oct-20,0.135,0.139,0.141,0.131,5.95M,-3.23%
27-Oct-20,0.139,0.138,0.142,0.136,5.24M,0.67%
26-Oct-20,0.138,0.144,0.146,0.132,8.63M,-3.94%
25-Oct-20,0.144,0.147,0.148,0.142,3.99M,-1.84%
24-Oct-20,0.147,0.147,0.15,0.145,3.50M,-0.47%
23-Oct-20,0.147,0.151,0.153,0.145,5.77M,-2.54%
22-Oct-20,0.151,0.144,0.154,0.144,5.21M,5.30%
21-Oct-20,0.144,0.141,0.149,0.14,5.87M,2.30%
20-Oct-20,0.14,0.149,0.149,0.137,6.41M,-6.09%
19-Oct-20,0.149,0.151,0.151,0.147,4.35M,-0.92%
18-Oct-20,0.151,0.148,0.151,0.147,2.18M,1.58%
17-Oct-20,0.148,0.146,0.151,0.144,3.59M,2.01%
16-Oct-20,0.146,0.153,0.153,0.144,7.03M,-4.68%
15-Oct-20,0.153,0.154,0.156,0.149,5.33M,-0.76%
14-Oct-20,0.154,0.161,0.163,0.15,7.63M,-4.75%
13-Oct-20,0.161,0.166,0.167,0.157,8.46M,-2.87%
12-Oct-20,0.166,0.159,0.172,0.158,18.80M,4.70%
11-Oct-20,0.159,0.16,0.166,0.156,8.34M,-0.61%
10-Oct-20,0.16,0.154,0.164,0.154,7.92M,3.57%
09-Oct-20,0.154,0.151,0.157,0.147,8.82M,2.35%
08-Oct-20,0.151,0.149,0.152,0.141,8.36M,1.19%
07-Oct-20,0.149,0.144,0.149,0.139,6.92M,3.63%
06-Oct-20,0.144,0.155,0.156,0.142,6.44M,-7.12%
05-Oct-20,0.155,0.152,0.156,0.148,6.72M,1.48%
04-Oct-20,0.152,0.15,0.154,0.146,6.60M,1.66%
03-Oct-20,0.15,0.151,0.154,0.148,2.60M,-0.34%
02-Oct-20,0.151,0.154,0.154,0.144,10.18M,-2.09%
01-Oct-20,0.154,0.161,0.166,0.15,11.21M,-4.24%
30-Sep-20,0.161,0.16,0.164,0.156,13.10M,0.00%
29-Sep-20,0.16,0.168,0.182,0.157,31.76M,-4.62%
28-Sep-20,0.168,0.17,0.177,0.164,11.79M,-1.09%
27-Sep-20,0.17,0.161,0.18,0.156,27.77M,5.37%
26-Sep-20,0.161,0.154,0.164,0.154,4.87M,4.87%
25-Sep-20,0.154,0.155,0.159,0.146,5.45M,-0.89%
24-Sep-20,0.155,0.143,0.157,0.142,4.05M,8.32%
23-Sep-20,0.143,0.155,0.163,0.142,7.80M,-7.50%
22-Sep-20,0.155,0.143,0.156,0.14,4.77M,7.89%
21-Sep-20,0.143,0.16,0.166,0.141,5.98M,-10.42%
20-Sep-20,0.16,0.169,0.169,0.156,3.04M,-5.20%
19-Sep-20,0.169,0.166,0.173,0.163,3.52M,1.62%
18-Sep-20,0.166,0.162,0.171,0.158,6.40M,2.91%
17-Sep-20,0.162,0.156,0.164,0.155,2.43M,3.50%
16-Sep-20,0.156,0.159,0.159,0.152,2.11M,-1.74%
15-Sep-20,0.159,0.167,0.174,0.158,3.69M,-4.92%
14-Sep-20,0.167,0.161,0.168,0.159,2.88M,3.70%
13-Sep-20,0.161,0.172,0.173,0.157,4.09M,-6.53%
12-Sep-20,0.172,0.172,0.173,0.167,3.30M,0.00%
11-Sep-20,0.172,0.176,0.177,0.167,3.69M,-1.91%
10-Sep-20,0.176,0.164,0.179,0.163,6.90M,6.85%
09-Sep-20,0.164,0.154,0.173,0.151,14.38M,6.85%
08-Sep-20,0.154,0.15,0.157,0.141,6.56M,2.50%
07-Sep-20,0.15,0.16,0.161,0.138,7.67M,-5.97%
06-Sep-20,0.16,0.153,0.162,0.144,5.92M,4.38%
05-Sep-20,0.153,0.17,0.176,0.143,9.40M,-10.14%
04-Sep-20,0.17,0.171,0.179,0.159,9.41M,-0.59%
03-Sep-20,0.171,0.202,0.207,0.16,21.13M,-15.31%
02-Sep-20,0.202,0.21,0.21,0.2,13.78M,-3.74%
01-Sep-20,0.21,0.214,0.215,0.207,9.98M,-1.83%
31-Aug-20,0.214,0.218,0.224,0.214,7.23M,-2.03%
30-Aug-20,0.218,0.213,0.227,0.212,10.00M,2.62%
29-Aug-20,0.213,0.221,0.221,0.211,8.39M,-3.66%
28-Aug-20,0.221,0.211,0.224,0.207,7.69M,4.61%
27-Aug-20,0.211,0.227,0.227,0.201,13.84M,-7.00%
26-Aug-20,0.227,0.226,0.237,0.22,11.22M,0.32%
25-Aug-20,0.226,0.245,0.245,0.214,17.78M,-7.67%
24-Aug-20,0.245,0.221,0.258,0.216,23.82M,10.99%
23-Aug-20,0.221,0.225,0.226,0.213,7.27M,-2.00%
22-Aug-20,0.225,0.21,0.228,0.196,16.77M,7.40%
21-Aug-20,0.21,0.208,0.235,0.207,30.19M,0.79%
20-Aug-20,0.208,0.197,0.21,0.195,9.04M,5.73%
19-Aug-20,0.197,0.208,0.211,0.193,9.14M,-5.31%
18-Aug-20,0.208,0.206,0.214,0.199,11.83M,1.05%
17-Aug-20,0.206,0.215,0.215,0.201,10.80M,-4.13%
16-Aug-20,0.215,0.206,0.215,0.203,8.57M,4.15%
15-Aug-20,0.206,0.209,0.21,0.204,9.03M,-1.19%
14-Aug-20,0.209,0.21,0.218,0.205,13.62M,-0.81%
13-Aug-20,0.21,0.208,0.222,0.2,21.83M,1.36%
12-Aug-20,0.208,0.203,0.21,0.195,11.37M,2.22%
11-Aug-20,0.203,0.225,0.225,0.195,19.51M,-9.84%
10-Aug-20,0.225,0.221,0.226,0.207,25.79M,1.89%
09-Aug-20,0.221,0.212,0.239,0.206,37.59M,4.19%
08-Aug-20,0.212,0.208,0.22,0.206,23.26M,2.03%
07-Aug-20,0.208,0.193,0.21,0.193,27.59M,7.68%
06-Aug-20,0.193,0.19,0.195,0.185,9.62M,1.73%
05-Aug-20,0.19,0.188,0.198,0.186,12.30M,1.15%
04-Aug-20,0.188,0.178,0.19,0.178,11.15M,5.40%
03-Aug-20,0.178,0.175,0.181,0.174,6.57M,1.58%
02-Aug-20,0.175,0.177,0.181,0.163,12.00M,-0.74%
01-Aug-20,0.177,0.175,0.18,0.172,7.00M,1.11%
31-Jul-20,0.175,0.178,0.183,0.172,7.30M,-1.67%
30-Jul-20,0.178,0.176,0.18,0.174,3.53M,0.62%
29-Jul-20,0.176,0.174,0.185,0.174,7.09M,1.23%
28-Jul-20,0.174,0.169,0.176,0.165,7.79M,3.22%
27-Jul-20,0.169,0.179,0.18,0.161,17.42M,-5.73%
26-Jul-20,0.179,0.187,0.19,0.177,8.37M,-4.41%
25-Jul-20,0.187,0.186,0.193,0.185,7.97M,0.63%
24-Jul-20,0.186,0.186,0.189,0.184,5.07M,0.31%
23-Jul-20,0.186,0.191,0.192,0.184,9.56M,-2.81%
22-Jul-20,0.191,0.194,0.198,0.19,7.06M,-1.42%
21-Jul-20,0.194,0.193,0.197,0.187,9.54M,0.00%
20-Jul-20,0.193,0.207,0.208,0.193,8.66M,-6.80%
19-Jul-20,0.207,0.208,0.212,0.197,10.61M,-0.38%
18-Jul-20,0.208,0.201,0.218,0.196,17.19M,3.59%
17-Jul-20,0.201,0.192,0.216,0.192,33.88M,4.80%
16-Jul-20,0.192,0.185,0.199,0.171,23.50M,3.83%
15-Jul-20,0.185,0.186,0.192,0.184,10.75M,-0.78%
14-Jul-20,0.186,0.18,0.2,0.177,26.55M,3.21%
13-Jul-20,0.18,0.178,0.192,0.174,15.11M,1.62%
12-Jul-20,0.178,0.181,0.182,0.173,5.28M,-1.96%
11-Jul-20,0.181,0.177,0.182,0.175,6.49M,2.51%
10-Jul-20,0.177,0.185,0.185,0.17,7.83M,-4.51%
09-Jul-20,0.185,0.185,0.195,0.177,14.59M,0.00%
08-Jul-20,0.185,0.176,0.185,0.176,9.22M,4.57%
07-Jul-20,0.176,0.179,0.179,0.174,4.83M,-1.45%
06-Jul-20,0.179,0.173,0.18,0.172,6.39M,3.47%
05-Jul-20,0.173,0.181,0.188,0.168,10.73M,-4.56%
04-Jul-20,0.181,0.172,0.186,0.171,11.19M,5.68%
03-Jul-20,0.172,0.167,0.175,0.166,5.16M,2.98%
02-Jul-20,0.167,0.172,0.175,0.16,6.45M,-3.15%
01-Jul-20,0.172,0.168,0.173,0.163,5.83M,2.57%
30-Jun-20,0.168,0.171,0.179,0.168,9.27M,-2.08%
29-Jun-20,0.171,0.156,0.176,0.152,12.06M,9.60%
28-Jun-20,0.156,0.153,0.16,0.148,4.39M,2.21%
27-Jun-20,0.153,0.16,0.161,0.146,7.76M,-4.38%
26-Jun-20,0.16,0.169,0.173,0.158,8.28M,-5.63%
25-Jun-20,0.169,0.175,0.175,0.166,5.32M,-3.28%
24-Jun-20,0.175,0.182,0.188,0.171,9.46M,-3.70%
23-Jun-20,0.182,0.177,0.191,0.175,12.38M,2.52%
22-Jun-20,0.177,0.17,0.178,0.17,6.07M,4.36%
21-Jun-20,0.17,0.17,0.175,0.169,3.66M,0.00%
20-Jun-20,0.17,0.172,0.174,0.167,4.85M,-1.13%
19-Jun-20,0.172,0.178,0.18,0.17,5.94M,-3.46%
18-Jun-20,0.178,0.173,0.185,0.172,10.35M,2.89%
17-Jun-20,0.173,0.18,0.18,0.168,6.79M,-3.72%
16-Jun-20,0.18,0.178,0.187,0.17,10.05M,1.13%
15-Jun-20,0.178,0.181,0.181,0.16,13.21M,-1.76%
14-Jun-20,0.181,0.191,0.191,0.179,4.73M,-5.03%
13-Jun-20,0.191,0.192,0.197,0.189,6.68M,-0.71%
12-Jun-20,0.192,0.186,0.204,0.177,13.48M,3.34%
11-Jun-20,0.186,0.207,0.212,0.185,15.85M,-10.09%
10-Jun-20,0.207,0.202,0.211,0.196,17.73M,2.40%
09-Jun-20,0.202,0.206,0.211,0.2,12.57M,-1.90%
08-Jun-20,0.206,0.197,0.207,0.193,11.79M,4.55%
07-Jun-20,0.197,0.201,0.202,0.191,5.76M,-2.17%
06-Jun-20,0.201,0.202,0.207,0.197,7.91M,0.00%
05-Jun-20,0.202,0.199,0.206,0.194,9.65M,1.06%
04-Jun-20,0.199,0.199,0.205,0.195,6.91M,0.00%
03-Jun-20,0.199,0.198,0.199,0.19,7.95M,0.48%
02-Jun-20,0.198,0.208,0.211,0.194,18.40M,-4.59%
01-Jun-20,0.208,0.207,0.219,0.204,16.48M,0.34%
31-May-20,0.207,0.203,0.216,0.199,17.72M,1.96%
30-May-20,0.203,0.202,0.211,0.199,12.90M,0.42%
29-May-20,0.202,0.205,0.215,0.197,16.07M,-1.66%
28-May-20,0.205,0.213,0.232,0.203,29.87M,-3.68%
27-May-20,0.213,0.187,0.234,0.179,49.87M,13.99%
26-May-20,0.187,0.187,0.21,0.182,26.16M,0.00%
25-May-20,0.187,0.165,0.194,0.164,22.07M,13.13%
24-May-20,0.165,0.177,0.177,0.165,14.60M,-6.64%
23-May-20,0.177,0.172,0.179,0.171,9.91M,2.61%
22-May-20,0.172,0.177,0.178,0.166,14.62M,-2.90%
21-May-20,0.177,0.17,0.186,0.166,34.18M,4.07%
20-May-20,0.17,0.166,0.173,0.156,15.21M,2.98%
19-May-20,0.166,0.158,0.168,0.157,8.72M,4.53%
18-May-20,0.158,0.162,0.164,0.156,6.31M,-2.33%
17-May-20,0.162,0.162,0.166,0.158,9.40M,0.37%
16-May-20,0.162,0.163,0.172,0.161,8.46M,-0.62%
15-May-20,0.163,0.162,0.17,0.153,15.38M,0.00%
14-May-20,0.162,0.161,0.165,0.156,11.22M,0.53%
13-May-20,0.161,0.163,0.174,0.16,18.05M,-1.05%
12-May-20,0.163,0.149,0.165,0.145,21.77M,9.15%
11-May-20,0.149,0.143,0.153,0.133,17.86M,4.58%
10-May-20,0.143,0.145,0.145,0.128,13.78M,-1.55%
09-May-20,0.145,0.144,0.15,0.143,6.53M,0.95%
08-May-20,0.144,0.142,0.148,0.139,11.12M,0.91%
07-May-20,0.142,0.14,0.148,0.139,12.22M,1.43%
06-May-20,0.14,0.146,0.156,0.14,17.33M,-3.66%
05-May-20,0.146,0.137,0.147,0.135,14.17M,6.72%
04-May-20,0.137,0.136,0.139,0.124,10.67M,0.52%
03-May-20,0.136,0.144,0.144,0.131,8.05M,-5.58%
02-May-20,0.144,0.141,0.146,0.138,13.60M,2.04%
01-May-20,0.141,0.137,0.144,0.136,13.46M,3.13%
30-Apr-20,0.137,0.143,0.145,0.13,20.44M,-4.44%
29-Apr-20,0.143,0.139,0.147,0.139,15.80M,2.85%
28-Apr-20,0.139,0.137,0.144,0.13,14.47M,1.67%
27-Apr-20,0.137,0.141,0.152,0.13,26.11M,-2.98%
26-Apr-20,0.141,0.149,0.158,0.138,25.20M,-5.29%
25-Apr-20,0.149,0.13,0.156,0.127,31.19M,14.09%
24-Apr-20,0.13,0.121,0.132,0.12,7.93M,7.89%
23-Apr-20,0.121,0.113,0.125,0.111,11.46M,7.08%
22-Apr-20,0.113,0.107,0.117,0.106,13.25M,5.81%
21-Apr-20,0.107,0.098,0.114,0.097,25.11M,9.33%
20-Apr-20,0.098,0.099,0.109,0.096,13.25M,-1.68%
19-Apr-20,0.099,0.105,0.107,0.099,8.99M,-5.12%
18-Apr-20,0.105,0.094,0.105,0.094,7.77M,11.33%
17-Apr-20,0.094,0.096,0.098,0.094,3.08M,-2.29%
16-Apr-20,0.096,0.092,0.097,0.087,8.92M,4.34%
15-Apr-20,0.092,0.091,0.098,0.09,13.20M,1.30%
14-Apr-20,0.091,0.09,0.093,0.088,2.70M,1.60%
13-Apr-20,0.09,0.088,0.091,0.083,4.33M,2.22%
12-Apr-20,0.088,0.087,0.092,0.085,3.09M,0.00%
11-Apr-20,0.087,0.088,0.092,0.085,3.90M,-0.57%
10-Apr-20,0.088,0.097,0.097,0.083,6.36M,-9.91%
09-Apr-20,0.097,0.097,0.098,0.093,4.98M,0.00%
08-Apr-20,0.097,0.095,0.099,0.093,5.72M,2.49%
07-Apr-20,0.095,0.099,0.101,0.094,8.15M,-4.22%
06-Apr-20,0.099,0.093,0.1,0.093,7.32M,6.36%
05-Apr-20,0.093,0.097,0.1,0.092,6.95M,-4.21%
04-Apr-20,0.097,0.09,0.098,0.089,6.16M,8.17%
03-Apr-20,0.09,0.092,0.094,0.089,6.15M,-1.69%
02-Apr-20,0.092,0.093,0.096,0.089,7.94M,-1.38%
01-Apr-20,0.093,0.093,0.093,0.085,7.98M,0.00%
31-Mar-20,0.093,0.093,0.096,0.091,6.77M,0.00%
30-Mar-20,0.093,0.082,0.097,0.081,16.89M,13.66%
29-Mar-20,0.082,0.086,0.09,0.081,12.92M,-4.92%
28-Mar-20,0.086,0.083,0.089,0.077,11.16M,3.70%
27-Mar-20,0.083,0.093,0.093,0.082,10.45M,-10.94%
26-Mar-20,0.093,0.081,0.095,0.079,31.12M,14.35%
25-Mar-20,0.081,0.083,0.083,0.075,8.08M,-1.77%
24-Mar-20,0.083,0.074,0.085,0.072,9.68M,11.12%
23-Mar-20,0.074,0.07,0.075,0.065,10.24M,6.42%
22-Mar-20,0.07,0.077,0.079,0.07,8.55M,-8.75%
21-Mar-20,0.077,0.075,0.082,0.069,10.84M,2.45%
20-Mar-20,0.075,0.074,0.087,0.067,29.94M,1.28%
19-Mar-20,0.074,0.052,0.078,0.052,69.82M,42.31%
18-Mar-20,0.052,0.051,0.053,0.047,7.66M,1.74%
17-Mar-20,0.051,0.046,0.052,0.045,6.55M,11.05%
16-Mar-20,0.046,0.05,0.052,0.041,12.08M,-8.90%
15-Mar-20,0.05,0.049,0.057,0.049,9.71M,1.98%
14-Mar-20,0.049,0.049,0.052,0.046,14.60M,0.00%
13-Mar-20,0.049,0.043,0.057,0.032,21.97M,14.21%
12-Mar-20,0.043,0.083,0.084,0.04,20.94M,-47.95%
11-Mar-20,0.083,0.088,0.091,0.078,8.15M,-5.65%
10-Mar-20,0.088,0.087,0.093,0.085,6.81M,0.59%
09-Mar-20,0.087,0.087,0.09,0.08,8.15M,0.73%
08-Mar-20,0.087,0.105,0.105,0.086,8.01M,-17.42%
07-Mar-20,0.105,0.112,0.114,0.103,5.45M,-6.51%
06-Mar-20,0.112,0.11,0.113,0.106,6.69M,2.06%
05-Mar-20,0.11,0.105,0.114,0.105,5.87M,4.97%
04-Mar-20,0.105,0.107,0.109,0.103,6.29M,-2.14%
03-Mar-20,0.107,0.109,0.113,0.105,6.52M,-1.32%
02-Mar-20,0.109,0.101,0.112,0.1,8.67M,7.68%
01-Mar-20,0.101,0.096,0.107,0.096,8.05M,5.22%
29-Feb-20,0.096,0.1,0.103,0.096,3.22M,-4.37%
28-Feb-20,0.1,0.101,0.109,0.094,8.66M,-0.88%
27-Feb-20,0.101,0.097,0.107,0.089,11.31M,4.41%
26-Feb-20,0.097,0.109,0.11,0.091,13.34M,-11.26%
25-Feb-20,0.109,0.122,0.127,0.109,9.45M,-10.60%
24-Feb-20,0.122,0.131,0.133,0.117,6.32M,-6.86%
23-Feb-20,0.131,0.124,0.134,0.124,7.12M,5.56%
22-Feb-20,0.124,0.128,0.128,0.121,4.97M,-2.74%
21-Feb-20,0.128,0.132,0.137,0.125,8.33M,-3.26%
20-Feb-20,0.132,0.136,0.141,0.127,11.75M,-3.09%
19-Feb-20,0.136,0.14,0.165,0.132,31.44M,-2.85%
18-Feb-20,0.14,0.138,0.146,0.13,31.98M,1.69%
17-Feb-20,0.138,0.124,0.157,0.109,26.62M,11.03%
16-Feb-20,0.124,0.133,0.137,0.111,14.99M,-6.42%
15-Feb-20,0.133,0.144,0.154,0.131,12.66M,-7.80%
14-Feb-20,0.144,0.136,0.145,0.134,7.41M,5.99%
13-Feb-20,0.136,0.141,0.143,0.132,10.05M,-3.83%
12-Feb-20,0.141,0.139,0.149,0.138,12.47M,1.99%
11-Feb-20,0.139,0.141,0.141,0.134,8.34M,-1.76%
10-Feb-20,0.141,0.134,0.142,0.127,10.31M,5.53%
09-Feb-20,0.134,0.128,0.139,0.119,14.80M,4.12%
08-Feb-20,0.128,0.131,0.136,0.12,10.94M,-2.08%
07-Feb-20,0.131,0.137,0.142,0.126,10.60M,-4.52%
06-Feb-20,0.137,0.134,0.141,0.128,15.77M,2.27%
05-Feb-20,0.134,0.147,0.153,0.122,31.67M,-8.57%
04-Feb-20,0.147,0.116,0.151,0.116,45.38M,26.34%
03-Feb-20,0.116,0.112,0.117,0.108,9.94M,3.53%
02-Feb-20,0.112,0.105,0.116,0.099,11.10M,7.13%
01-Feb-20,0.105,0.095,0.107,0.095,7.67M,9.91%
31-Jan-20,0.095,0.1,0.103,0.094,7.04M,-5.12%
30-Jan-20,0.1,0.09,0.101,0.088,10.00M,11.46%
29-Jan-20,0.09,0.088,0.09,0.088,4.73M,2.08%
28-Jan-20,0.088,0.09,0.091,0.087,5.99M,-2.18%
27-Jan-20,0.09,0.087,0.091,0.086,5.33M,3.81%
26-Jan-20,0.087,0.088,0.092,0.086,5.83M,-1.42%
25-Jan-20,0.088,0.085,0.088,0.083,5.20M,3.58%
24-Jan-20,0.085,0.087,0.091,0.082,16.22M,-1.50%
23-Jan-20,0.086,0.078,0.092,0.077,35.82M,11.00%
22-Jan-20,0.078,0.077,0.078,0.075,2.19M,1.75%
21-Jan-20,0.077,0.076,0.077,0.075,2.71M,0.98%
20-Jan-20,0.076,0.074,0.077,0.073,3.47M,2.96%
19-Jan-20,0.074,0.077,0.078,0.073,6.21M,-4.65%
18-Jan-20,0.077,0.08,0.081,0.076,4.59M,-3.94%
17-Jan-20,0.08,0.081,0.083,0.076,16.65M,-1.15%
16-Jan-20,0.081,0.076,0.085,0.074,14.06M,6.99%
15-Jan-20,0.076,0.073,0.079,0.072,13.19M,4.80%
14-Jan-20,0.073,0.072,0.073,0.07,11.19M,1.09%
13-Jan-20,0.072,0.072,0.073,0.071,1.99M,0.00%
12-Jan-20,0.072,0.072,0.073,0.072,2.29M,0.00%
11-Jan-20,0.072,0.073,0.076,0.072,5.05M,-0.99%
10-Jan-20,0.073,0.072,0.073,0.071,3.80M,1.24%
09-Jan-20,0.072,0.075,0.075,0.071,4.54M,-4.60%
08-Jan-20,0.075,0.073,0.076,0.071,7.46M,3.22%
07-Jan-20,0.073,0.076,0.076,0.071,6.52M,-3.60%
06-Jan-20,0.076,0.076,0.078,0.074,5.27M,-0.78%
05-Jan-20,0.076,0.077,0.079,0.076,3.27M,-1.07%
04-Jan-20,0.077,0.078,0.08,0.077,2.15M,-0.99%
03-Jan-20,0.078,0.074,0.079,0.072,4.13M,5.79%
02-Jan-20,0.074,0.08,0.08,0.072,4.89M,-7.44%
01-Jan-20,0.08,0.08,0.082,0.078,4.62M,-0.99%
31-Dec-19,0.08,0.082,0.086,0.079,9.01M,-2.51%
30-Dec-19,0.082,0.082,0.086,0.08,7.84M,0.95%
29-Dec-19,0.082,0.081,0.085,0.078,12.47M,1.36%
28-Dec-19,0.081,0.075,0.083,0.075,10.87M,7.48%
27-Dec-19,0.075,0.076,0.077,0.074,3.24M,-1.00%
26-Dec-19,0.076,0.075,0.077,0.073,4.14M,0.74%
25-Dec-19,0.075,0.078,0.08,0.074,3.73M,-3.73%
24-Dec-19,0.078,0.077,0.081,0.075,6.42M,1.34%
23-Dec-19,0.077,0.081,0.081,0.076,8.99M,-5.22%
22-Dec-19,0.081,0.077,0.086,0.076,11.64M,5.43%
21-Dec-19,0.077,0.077,0.081,0.076,6.19M,0.00%
20-Dec-19,0.077,0.078,0.082,0.076,8.29M,0.00%
19-Dec-19,0.078,0.077,0.079,0.074,7.20M,0.00%
18-Dec-19,0.077,0.076,0.08,0.07,13.70M,1.31%
17-Dec-19,0.076,0.08,0.089,0.074,20.62M,-4.36%
16-Dec-19,0.08,0.086,0.092,0.079,26.59M,-7.87%
15-Dec-19,0.086,0.076,0.087,0.073,12.93M,14.02%
14-Dec-19,0.076,0.083,0.083,0.074,8.80M,-8.12%
13-Dec-19,0.083,0.083,0.087,0.08,8.43M,0.00%
12-Dec-19,0.083,0.084,0.09,0.078,22.50M,-0.80%
11-Dec-19,0.084,0.074,0.087,0.073,25.06M,12.80%
10-Dec-19,0.074,0.082,0.082,0.068,18.61M,-9.94%
09-Dec-19,0.082,0.091,0.093,0.082,14.46M,-9.26%
08-Dec-19,0.091,0.086,0.097,0.083,24.24M,5.04%
07-Dec-19,0.086,0.104,0.105,0.086,22.66M,-16.90%
06-Dec-19,0.104,0.094,0.108,0.089,41.49M,10.08%
05-Dec-19,0.094,0.075,0.105,0.072,66.47M,25.29%
04-Dec-19,0.075,0.063,0.092,0.059,41.29M,19.75%
03-Dec-19,0.063,0.059,0.063,0.058,1.90M,7.18%
02-Dec-19,0.059,0.061,0.062,0.058,2.55M,-3.68%
01-Dec-19,0.061,0.06,0.062,0.057,814.00K,1.19%
30-Nov-19,0.06,0.061,0.062,0.058,722.03K,-1.71%
29-Nov-19,0.061,0.06,0.061,0.059,1.53M,2.41%
28-Nov-19,0.06,0.058,0.062,0.057,1.80M,3.55%
27-Nov-19,0.058,0.055,0.058,0.051,2.84M,6.03%
26-Nov-19,0.055,0.052,0.056,0.052,2.86M,4.88%
25-Nov-19,0.052,0.052,0.055,0.047,4.93M,0.00%
24-Nov-19,0.052,0.061,0.061,0.052,4.35M,-13.34%
23-Nov-19,0.061,0.057,0.063,0.055,2.73M,6.14%
22-Nov-19,0.057,0.062,0.063,0.052,4.77M,-8.06%
21-Nov-19,0.062,0.071,0.071,0.06,10.11M,-12.65%
20-Nov-19,0.071,0.066,0.073,0.065,11.26M,8.04%
19-Nov-19,0.066,0.064,0.068,0.06,3.53M,1.97%
18-Nov-19,0.064,0.066,0.066,0.063,1.71M,-2.88%
17-Nov-19,0.066,0.069,0.069,0.066,1.69M,-3.17%
16-Nov-19,0.069,0.065,0.069,0.064,2.46M,4.79%
15-Nov-19,0.065,0.065,0.068,0.063,6.72M,0.78%
14-Nov-19,0.065,0.062,0.065,0.061,5.52M,3.81%
13-Nov-19,0.062,0.062,0.063,0.061,923.43K,1.24%
12-Nov-19,0.062,0.061,0.063,0.061,693.96K,0.00%
11-Nov-19,0.061,0.063,0.064,0.061,570.76K,-3.44%
10-Nov-19,0.063,0.063,0.064,0.062,1.24M,0.81%
09-Nov-19,0.063,0.062,0.063,0.061,433.29K,1.84%
08-Nov-19,0.062,0.065,0.066,0.061,1.81M,-5.52%
07-Nov-19,0.065,0.067,0.069,0.064,1.11M,-2.76%
06-Nov-19,0.067,0.067,0.068,0.066,696.06K,0.00%
05-Nov-19,0.067,0.067,0.068,0.065,927.57K,0.00%
04-Nov-19,0.067,0.066,0.07,0.065,2.08M,1.55%
03-Nov-19,0.066,0.066,0.067,0.064,1.00M,0.00%
02-Nov-19,0.066,0.067,0.067,0.065,1.20M,0.00%
01-Nov-19,0.067,0.064,0.067,0.064,1.36M,3.86%
31-Oct-19,0.064,0.063,0.066,0.06,1.59M,1.38%
30-Oct-19,0.063,0.064,0.064,0.061,1.30M,0.00%
29-Oct-19,0.064,0.065,0.065,0.062,1.26M,-1.75%
28-Oct-19,0.065,0.065,0.066,0.063,2.51M,0.00%
27-Oct-19,0.065,0.06,0.068,0.059,3.11M,7.36%
26-Oct-19,0.06,0.062,0.065,0.06,3.19M,-3.43%
25-Oct-19,0.062,0.059,0.063,0.057,4.05M,5.45%
24-Oct-19,0.059,0.059,0.06,0.056,1.77M,0.00%
23-Oct-19,0.059,0.06,0.062,0.054,5.42M,-1.29%
22-Oct-19,0.06,0.058,0.062,0.057,3.04M,3.59%
21-Oct-19,0.058,0.056,0.059,0.056,1.61M,1.98%
20-Oct-19,0.056,0.057,0.058,0.055,898.00K,0.00%
19-Oct-19,0.057,0.057,0.058,0.056,1.06M,0.00%
18-Oct-19,0.057,0.058,0.058,0.055,1.42M,-2.05%
17-Oct-19,0.058,0.058,0.059,0.056,2.36M,0.00%
16-Oct-19,0.058,0.061,0.061,0.056,1.67M,-4.78%
15-Oct-19,0.061,0.063,0.063,0.06,1.64M,-3.89%
14-Oct-19,0.063,0.063,0.064,0.063,1.14K,0.82%
13-Oct-19,0.063,0.062,0.065,0.062,0.04K,0.00%
12-Oct-19,0.062,0.061,0.063,0.061,2.36K,2.15%
11-Oct-19,0.061,0.065,0.065,0.06,32.62K,-5.72%
10-Oct-19,0.065,0.065,0.065,0.063,4.08K,0.00%
09-Oct-19,0.065,0.066,0.067,0.064,1.94K,-1.28%
08-Oct-19,0.066,0.064,0.066,0.064,0.03K,3.06%
07-Oct-19,0.064,0.06,0.065,0.059,19.63K,5.31%
06-Oct-19,0.06,0.066,0.067,0.06,19.53K,-8.09%
05-Oct-19,0.066,0.065,0.066,0.064,20.67K,1.20%
04-Oct-19,0.065,0.059,0.067,0.059,9.98K,9.36%
03-Oct-19,0.059,0.057,0.06,0.057,1.70K,3.57%
02-Oct-19,0.057,0.058,0.058,0.057,0.89K,-1.49%
01-Oct-19,0.058,0.056,0.058,0.056,0.69K,3.65%
30-Sep-19,0.056,0.055,0.056,0.053,8.78K,1.42%
29-Sep-19,0.055,0.057,0.057,0.055,11.92K,-1.99%
28-Sep-19,0.057,0.053,0.058,0.053,7.55K,6.74%
27-Sep-19,0.053,0.052,0.053,0.052,0.22K,1.56%
26-Sep-19,0.052,0.055,0.056,0.05,8.77K,-5.00%
25-Sep-19,0.055,0.056,0.057,0.053,10.44K,-1.59%
24-Sep-19,0.056,0.064,0.064,0.054,11.06K,-21.67%
23-Sep-19,0.071,0.071,0.071,0.071,-,0.00%
22-Sep-19,0.071,0.071,0.071,0.071,-,0.00%
21-Sep-19,0.071,0.071,0.071,0.071,-,0.00%
20-Sep-19,0.071,0.071,0.071,0.071,-,0.00%
19-Sep-19,0.071,0.073,0.073,0.069,3.59K,-2.82%
18-Sep-19,0.073,0.068,0.075,0.068,0.30K,8.12%
17-Sep-19,0.068,0.068,0.068,0.068,-,0.00%
16-Sep-19,0.068,0.073,0.073,0.068,0.38K,-6.71%
15-Sep-19,0.073,0.071,0.073,0.071,0.32K,2.81%
14-Sep-19,0.071,0.07,0.071,0.07,2.67K,0.84%
13-Sep-19,0.07,0.07,0.07,0.07,0.01K,0.00%
12-Sep-19,0.07,0.072,0.072,0.07,0.01K,-2.61%
11-Sep-19,0.072,0.075,0.075,0.071,6.38K,-3.34%
10-Sep-19,0.075,0.078,0.078,0.075,18.42K,-4.15%
09-Sep-19,0.078,0.082,0.082,0.076,8.28K,-5.20%
08-Sep-19,0.082,0.081,0.083,0.08,6.00K,1.64%
07-Sep-19,0.081,0.08,0.081,0.079,4.15K,1.39%
06-Sep-19,0.08,0.083,0.085,0.08,5.17K,-3.47%
05-Sep-19,0.083,0.082,0.089,0.082,53.99K,0.00%
04-Sep-19,0.082,0.076,0.084,0.076,4.26K,8.60%
03-Sep-19,0.076,0.079,0.079,0.075,34.40K,-3.87%
02-Sep-19,0.079,0.071,0.084,0.071,33.78K,10.49%
01-Sep-19,0.071,0.066,0.074,0.066,5.49K,8.58%
31-Aug-19,0.066,0.063,0.069,0.063,0.40K,3.72%
30-Aug-19,0.063,0.064,0.064,0.062,1.34K,-1.29%
29-Aug-19,0.064,0.067,0.067,0.061,2.32K,-4.59%
28-Aug-19,0.067,0.07,0.074,0.064,53.76K,-3.52%
27-Aug-19,0.07,0.068,0.071,0.068,42.37K,3.44%
26-Aug-19,0.068,0.067,0.07,0.067,95.32K,0.00%
25-Aug-19,0.067,0.072,0.073,0.067,15.22K,-6.61%
24-Aug-19,0.072,0.071,0.077,0.071,28.34K,1.36%
23-Aug-19,0.071,0.07,0.074,0.069,37.50K,1.04%
22-Aug-19,0.07,0.064,0.073,0.063,1.53K,10.10%
21-Aug-19,0.064,0.065,0.065,0.061,3.41K,-2.45%
20-Aug-19,0.065,0.065,0.067,0.064,23.72K,0.99%
19-Aug-19,0.065,0.065,0.066,0.062,-,0.00%
18-Aug-19,0.065,0.064,0.066,0.06,1.05K,0.91%
17-Aug-19,0.064,0.062,0.068,0.06,26.54K,4.05%
16-Aug-19,0.062,0.06,0.064,0.059,36.12K,2.97%
15-Aug-19,0.06,0.06,0.061,0.055,15.03K,-1.17%
14-Aug-19,0.06,0.068,0.068,0.06,72.95K,-11.11%
13-Aug-19,0.068,0.071,0.072,0.067,35.63K,-4.41%
12-Aug-19,0.071,0.072,0.075,0.07,5.20K,-1.25%
11-Aug-19,0.072,0.07,0.076,0.067,10.96K,2.24%
10-Aug-19,0.07,0.061,0.073,0.06,59.03K,15.40%
09-Aug-19,0.061,0.069,0.069,0.061,14.98K,-11.62%
08-Aug-19,0.069,0.07,0.07,0.068,1.62K,-0.82%
07-Aug-19,0.07,0.073,0.075,0.069,10.25K,-4.19%
06-Aug-19,0.073,0.079,0.079,0.072,33.21K,-8.19%
05-Aug-19,0.079,0.08,0.081,0.077,4.34K,-0.88%
04-Aug-19,0.08,0.083,0.083,0.08,7.98K,-3.43%
03-Aug-19,0.083,0.083,0.084,0.082,5.54K,0.00%
02-Aug-19,0.083,0.084,0.084,0.082,3.03K,-0.97%
01-Aug-19,0.084,0.086,0.087,0.083,10.36K,-2.37%
31-Jul-19,0.086,0.094,0.094,0.085,4.52K,-8.76%
30-Jul-19,0.094,0.085,0.094,0.083,47.49K,11.07%
29-Jul-19,0.085,0.085,0.086,0.082,10.55K,0.00%
28-Jul-19,0.085,0.083,0.086,0.082,6.09K,1.88%
27-Jul-19,0.083,0.09,0.092,0.083,10.65K,-7.47%
26-Jul-19,0.09,0.087,0.09,0.085,1.78K,3.13%
25-Jul-19,0.087,0.085,0.089,0.085,4.61K,2.54%
24-Jul-19,0.085,0.085,0.087,0.083,16.97K,0.00%
23-Jul-19,0.085,0.09,0.092,0.085,3.32K,-5.74%
22-Jul-19,0.09,0.087,0.091,0.087,2.50K,2.95%
21-Jul-19,0.087,0.09,0.09,0.086,16.76K,-2.88%
20-Jul-19,0.09,0.088,0.093,0.087,3.29K,2.12%
19-Jul-19,0.088,0.088,0.089,0.084,1.24K,0.00%
18-Jul-19,0.088,0.084,0.088,0.082,5.99K,4.79%
17-Jul-19,0.084,0.082,0.089,0.078,32.48K,2.47%
16-Jul-19,0.082,0.102,0.102,0.073,164.55K,-19.27%
15-Jul-19,0.102,0.104,0.107,0.095,70.94K,-2.30%
14-Jul-19,0.104,0.102,0.115,0.097,154.29K,1.82%
13-Jul-19,0.102,0.105,0.106,0.095,6.06K,-2.88%
12-Jul-19,0.105,0.098,0.108,0.098,10.63K,6.81%
11-Jul-19,0.098,0.111,0.111,0.095,1.18K,-11.15%
10-Jul-19,0.111,0.12,0.122,0.107,21.44K,-7.82%
09-Jul-19,0.12,0.119,0.12,0.083,133.86K,0.89%
08-Jul-19,0.119,0.124,0.125,0.119,0.34K,-4.13%
07-Jul-19,0.124,0.122,0.131,0.122,97.85K,1.60%
06-Jul-19,0.122,0.116,0.124,0.116,2.25K,5.71%
05-Jul-19,0.116,0.116,0.117,0.115,5.81K,-0.52%
04-Jul-19,0.116,0.116,0.119,0.113,13.92K,0.60%
03-Jul-19,0.116,0.121,0.122,0.114,26.84K,-4.83%
02-Jul-19,0.121,0.128,0.128,0.119,10.70K,-4.75%
01-Jul-19,0.128,0.123,0.134,0.123,7.29K,3.82%
30-Jun-19,0.123,0.125,0.128,0.117,13.06K,-1.72%
29-Jun-19,0.125,0.123,0.125,0.117,33.93K,1.88%
28-Jun-19,0.123,0.118,0.123,0.115,4.08K,4.07%
27-Jun-19,0.118,0.127,0.129,0.114,503.67K,-7.33%
26-Jun-19,0.127,0.135,0.136,0.125,504.43K,-5.77%
25-Jun-19,0.135,0.136,0.14,0.134,77.03K,-0.54%
24-Jun-19,0.136,0.137,0.138,0.135,15.31K,-1.22%
23-Jun-19,0.137,0.135,0.141,0.135,17.92K,1.71%
22-Jun-19,0.135,0.137,0.138,0.132,64.61K,-1.13%
21-Jun-19,0.137,0.135,0.138,0.134,20.31K,0.95%
20-Jun-19,0.135,0.142,0.142,0.133,106.10K,-4.87%
19-Jun-19,0.142,0.14,0.144,0.139,9.65K,1.92%
18-Jun-19,0.14,0.146,0.146,0.139,33.19K,-4.12%
17-Jun-19,0.146,0.149,0.15,0.145,31.14K,-1.94%
16-Jun-19,0.149,0.148,0.149,0.145,36.88K,0.39%
15-Jun-19,0.148,0.145,0.15,0.145,2.38K,1.98%
14-Jun-19,0.145,0.15,0.155,0.141,10.67K,-3.35%
13-Jun-19,0.15,0.156,0.157,0.15,4.36K,-3.96%
12-Jun-19,0.156,0.159,0.159,0.155,9.05K,-1.86%
11-Jun-19,0.159,0.151,0.161,0.149,37.53K,5.16%
10-Jun-19,0.151,0.142,0.152,0.142,16.42K,6.53%
09-Jun-19,0.142,0.152,0.153,0.142,22.93K,-6.77%
08-Jun-19,0.152,0.153,0.155,0.148,68.04K,0.00%
07-Jun-19,0.153,0.15,0.156,0.144,59.89K,1.78%
06-Jun-19,0.15,0.141,0.15,0.141,5.30K,6.07%
05-Jun-19,0.141,0.142,0.15,0.138,89.37K,0.00%
04-Jun-19,0.142,0.15,0.151,0.139,10.56K,-5.45%
03-Jun-19,0.15,0.165,0.165,0.15,19.25K,-8.92%
02-Jun-19,0.165,0.151,0.171,0.147,62.25K,9.27%
01-Jun-19,0.151,0.154,0.154,0.149,23.92K,-2.03%
31-May-19,0.154,0.151,0.154,0.146,76.45K,1.67%
30-May-19,0.151,0.167,0.171,0.148,69.92K,-9.23%
29-May-19,0.167,0.165,0.175,0.163,27.73K,0.90%
28-May-19,0.165,0.164,0.166,0.16,85.07K,0.46%
27-May-19,0.164,0.161,0.167,0.16,10.63K,1.91%
26-May-19,0.161,0.167,0.172,0.157,25.51K,-3.50%
25-May-19,0.167,0.162,0.171,0.161,3.41K,3.46%
24-May-19,0.162,0.168,0.175,0.16,17.26K,-3.72%
23-May-19,0.168,0.156,0.169,0.154,4.62K,7.75%
22-May-19,0.156,0.17,0.19,0.152,145.13K,-8.33%
21-May-19,0.17,0.154,0.174,0.148,72.39K,10.72%
20-May-19,0.154,0.152,0.154,0.145,38.02K,1.27%
19-May-19,0.152,0.147,0.153,0.095,70.74K,3.26%
18-May-19,0.147,0.161,0.161,0.143,73.21K,-8.59%
17-May-19,0.161,0.151,0.161,0.132,35.22K,6.22%
16-May-19,0.151,0.154,0.168,0.144,111.00K,-1.84%
15-May-19,0.154,0.143,0.157,0.14,29.50K,7.55%
14-May-19,0.143,0.135,0.144,0.135,20.44K,6.12%
13-May-19,0.135,0.133,0.142,0.131,16.78K,1.09%
12-May-19,0.133,0.142,0.15,0.13,144.08K,-5.94%
11-May-19,0.142,0.137,0.148,0.134,178.57K,3.79%
10-May-19,0.137,0.117,0.141,0.117,18.34K,16.81%
09-May-19,0.117,0.132,0.133,0.116,56.70K,-11.46%
08-May-19,0.132,0.135,0.137,0.131,7.25K,-1.92%
07-May-19,0.135,0.144,0.147,0.134,4.76K,-6.60%
06-May-19,0.144,0.146,0.147,0.14,3.35K,-1.27%
05-May-19,0.146,0.143,0.147,0.14,1.37K,2.59%
04-May-19,0.143,0.149,0.15,0.137,5.17K,-4.64%
03-May-19,0.149,0.151,0.155,0.147,3.24K,-1.27%
02-May-19,0.151,0.149,0.154,0.149,0.91K,1.58%
01-May-19,0.149,0.152,0.153,0.146,1.35K,-1.69%
30-Apr-19,0.152,0.147,0.152,0.145,4.25K,2.94%
29-Apr-19,0.147,0.154,0.158,0.146,8.69K,-4.48%
28-Apr-19,0.154,0.16,0.162,0.154,6.73K,-3.67%
27-Apr-19,0.16,0.156,0.162,0.156,26.14K,2.28%
26-Apr-19,0.156,0.153,0.161,0.147,21.76K,2.07%
25-Apr-19,0.153,0.159,0.172,0.15,44.43K,-3.69%
24-Apr-19,0.159,0.173,0.173,0.152,26.58K,-8.24%
23-Apr-19,0.173,0.187,0.188,0.173,10.23K,-7.40%
22-Apr-19,0.187,0.187,0.192,0.18,19.97K,0.40%
21-Apr-19,0.187,0.2,0.2,0.178,83.95K,-6.76%
20-Apr-19,0.2,0.188,0.209,0.186,118.60K,6.51%
19-Apr-19,0.188,0.178,0.196,0.17,29.33K,5.27%
18-Apr-19,0.178,0.17,0.181,0.152,119.51K,5.14%
17-Apr-19,0.17,0.15,0.175,0.149,47.92K,12.96%
16-Apr-19,0.15,0.147,0.154,0.145,8.38K,2.01%
15-Apr-19,0.147,0.16,0.163,0.146,17.07K,-7.98%
14-Apr-19,0.16,0.161,0.173,0.159,35.10K,-0.66%
13-Apr-19,0.161,0.142,0.175,0.142,105.84K,13.39%
12-Apr-19,0.142,0.138,0.147,0.133,25.64K,2.79%
11-Apr-19,0.138,0.147,0.148,0.121,23.88K,-6.24%
10-Apr-19,0.147,0.15,0.151,0.143,41.82K,-1.45%
09-Apr-19,0.15,0.145,0.157,0.143,27.90K,3.49%
08-Apr-19,0.145,0.155,0.158,0.14,80.98K,-6.81%
07-Apr-19,0.155,0.153,0.157,0.151,15.07K,1.69%
06-Apr-19,0.153,0.156,0.158,0.15,3.06K,-2.44%
05-Apr-19,0.156,0.164,0.165,0.152,25.54K,-4.81%
04-Apr-19,0.164,0.148,0.176,0.148,207.84K,11.16%
03-Apr-19,0.148,0.153,0.158,0.144,117.03K,-3.11%
02-Apr-19,0.153,0.148,0.16,0.145,25.36K,3.08%
01-Apr-19,0.148,0.154,0.154,0.145,11.92K,-3.71%
31-Mar-19,0.154,0.15,0.162,0.147,15.67K,2.23%
30-Mar-19,0.15,0.159,0.16,0.146,53.06K,-5.28%
29-Mar-19,0.159,0.163,0.163,0.159,11.84K,-2.79%
28-Mar-19,0.163,0.166,0.167,0.162,4.19K,-1.78%
27-Mar-19,0.166,0.164,0.169,0.16,20.38K,1.23%
26-Mar-19,0.164,0.169,0.169,0.157,18.84K,-2.61%
25-Mar-19,0.169,0.186,0.186,0.165,38.44K,-9.10%
24-Mar-19,0.186,0.183,0.186,0.173,36.42K,1.51%
23-Mar-19,0.183,0.191,0.191,0.18,10.14K,-4.08%
22-Mar-19,0.191,0.19,0.196,0.186,15.70K,0.38%
21-Mar-19,0.19,0.187,0.197,0.179,20.90K,1.36%
20-Mar-19,0.187,0.189,0.194,0.181,10.03K,-0.83%
19-Mar-19,0.189,0.201,0.203,0.179,64.66K,-5.97%
18-Mar-19,0.201,0.167,0.22,0.162,201.56K,20.15%
17-Mar-19,0.167,0.166,0.169,0.157,24.61K,0.86%
16-Mar-19,0.166,0.171,0.172,0.163,20.41K,-3.23%
15-Mar-19,0.171,0.166,0.175,0.164,21.11K,3.27%
14-Mar-19,0.166,0.178,0.178,0.164,38.95K,-6.70%
13-Mar-19,0.178,0.187,0.191,0.164,81.90K,-5.02%
12-Mar-19,0.187,0.162,0.191,0.143,153.35K,16.14%
11-Mar-19,0.161,0.195,0.204,0.158,58.71K,-17.43%
10-Mar-19,0.195,0.201,0.223,0.181,163.76K,-3.14%
09-Mar-19,0.201,0.212,0.25,0.186,417.44K,-5.11%
08-Mar-19,0.212,0.102,0.221,0.099,446.26K,108.29%
07-Mar-19,0.102,0.099,0.104,0.092,21.55K,3.08%
06-Mar-19,0.099,0.101,0.107,0.096,53.75K,-2.18%
05-Mar-19,0.101,0.077,0.105,0.077,38.72K,30.70%
04-Mar-19,0.077,0.081,0.083,0.073,22.83K,-4.95%
03-Mar-19,0.081,0.084,0.085,0.078,38.04K,-3.22%
02-Mar-19,0.084,0.077,0.089,0.072,44.66K,9.10%
01-Mar-19,0.077,0.082,0.082,0.076,120.19K,-6.10%
28-Feb-19,0.082,0.07,0.088,0.07,140.44K,17.16%
27-Feb-19,0.07,0.083,0.085,0.07,133.96K,-15.74%
26-Feb-19,0.083,0.079,0.103,0.073,187.28K,5.10%
25-Feb-19,0.079,0.036,0.093,0.036,377.74K,120.54%
24-Feb-19,0.036,0.039,0.04,0.035,93.21K,-8.40%
23-Feb-19,0.039,0.039,0.039,0.038,56.48K,0.00%
22-Feb-19,0.039,0.036,0.04,0.036,90.75K,6.37%
21-Feb-19,0.036,0.037,0.038,0.035,42.06K,-1.48%
20-Feb-19,0.037,0.032,0.038,0.032,2.39K,14.65%
19-Feb-19,0.032,0.035,0.035,0.032,0.11K,-8.88%
18-Feb-19,0.035,0.031,0.035,0.031,2.49K,13.19%
17-Feb-19,0.031,0.031,0.031,0.031,0.49K,0.00%
16-Feb-19,0.031,0.03,0.031,0.03,0.00K,2.84%
15-Feb-19,0.03,0.03,0.03,0.03,-,0.00%
14-Feb-19,0.03,0.03,0.03,0.03,-,0.00%
13-Feb-19,0.03,0.03,0.03,0.03,-,0.00%
12-Feb-19,0.031,0.031,0.031,0.031,-,0.00%
11-Feb-19,0.031,0.026,0.031,0.026,0.10K,17.55%
10-Feb-19,0.026,0.026,0.026,0.026,-,0.00%
09-Feb-19,0.026,0.026,0.026,0.026,-,0.00%
08-Feb-19,0.026,0.026,0.026,0.026,-,0.00%
07-Feb-19,0.026,0.025,0.026,0.025,1.50K,4.16%
06-Feb-19,0.025,0.027,0.028,0.025,1.00K,-7.44%
05-Feb-19,0.027,0.027,0.027,0.027,-,0.00%
04-Feb-19,0.027,0.027,0.027,0.027,-,0.00%
03-Feb-19,0.027,0.027,0.027,0.027,-,0.00%
02-Feb-19,0.027,0.033,0.033,0.027,0.30K,-18.77%
01-Feb-19,0.033,0.033,0.033,0.033,-,0.00%
31-Jan-19,0.033,0.033,0.033,0.033,-,0.00%
30-Jan-19,0.033,0.033,0.033,0.033,-,0.00%
29-Jan-19,0.033,0.033,0.033,0.033,-,0.00%
28-Jan-19,0.033,0.033,0.033,0.033,-,0.00%
27-Jan-19,0.033,0.033,0.033,0.033,-,0.00%
26-Jan-19,0.033,0.034,0.034,0.027,0.30K,0.00%
25-Jan-19,0.034,0.034,0.034,0.027,-,0.00%
24-Jan-19,0.034,0.027,0.034,0.027,-,0.00%
23-Jan-19,0.034,0.034,0.034,0.034,-,0.00%
22-Jan-19,0.034,0.034,0.034,0.027,0.30K,0.00%
21-Jan-19,0.034,0.034,0.034,0.027,-,0.00%
20-Jan-19,0.034,0.034,0.034,0.027,-,0.00%
19-Jan-19,0.034,0.034,0.034,0.027,-,0.00%
18-Jan-19,0.034,0.034,0.034,0.027,-,0.00%
17-Jan-19,0.034,0.034,0.034,0.027,-,0.00%
16-Jan-19,0.034,0.034,0.034,0.027,-,0.00%
15-Jan-19,0.034,0.034,0.034,0.027,-,0.00%
14-Jan-19,0.034,0.034,0.034,0.027,-,0.00%
13-Jan-19,0.034,0.026,0.034,0.026,0.30K,2.79%
12-Jan-19,0.033,0.033,0.033,0.033,-,0.00%
11-Jan-19,0.033,0.032,0.033,0.032,39.70K,0.00%
10-Jan-19,0.032,0.039,0.039,0.03,39.50K,-16.91%
09-Jan-19,0.039,0.039,0.039,0.03,-,0.00%
08-Jan-19,0.039,0.036,0.039,0.036,1.80K,6.60%
07-Jan-19,0.036,0.039,0.039,0.036,88.20K,-6.44%
06-Jan-19,0.039,0.036,0.039,0.022,96.60K,7.53%
05-Jan-19,0.036,0.038,0.038,0.029,3.90K,-5.02%
04-Jan-19,0.038,0.038,0.038,0.029,-,0.00%
03-Jan-19,0.038,0.038,0.038,0.029,-,0.00%
02-Jan-19,0.038,0.029,0.038,0.029,-,0.00%
01-Jan-19,0.038,0.038,0.038,0.038,-,0.00%
31-Dec-18,0.038,0.041,0.041,0.038,0.20K,-7.24%
30-Dec-18,0.041,0.043,0.043,0.041,0.20K,-5.07%
29-Dec-18,0.043,0.031,0.043,0.031,0.10K,3.97%
28-Dec-18,0.042,0.042,0.042,0.042,-,0.00%
27-Dec-18,0.042,0.029,0.042,0.029,0.10K,12.21%
26-Dec-18,0.037,0.037,0.037,0.037,-,0.00%
25-Dec-18,0.037,0.046,0.046,0.033,5.10K,-19.61%
24-Dec-18,0.046,0.046,0.046,0.033,-,0.00%
23-Dec-18,0.046,0.05,0.05,0.035,0.60K,-7.90%
22-Dec-18,0.05,0.05,0.05,0.035,-,0.00%
21-Dec-18,0.05,0.028,0.05,0.028,2.50K,75.81%
20-Dec-18,0.028,0.036,0.036,0.028,-,-22.04%
19-Dec-18,0.036,0.036,0.036,0.036,0.30K,1.87%
18-Dec-18,0.036,0.033,0.036,0.032,0.30K,7.06%
17-Dec-18,0.033,0.033,0.036,0.033,2.20K,2.32%
16-Dec-18,0.033,0.03,0.036,0.03,16.20K,10.74%
15-Dec-18,0.03,0.028,0.03,0.028,2.20K,6.46%
14-Dec-18,0.028,0.027,0.03,0.027,1.30K,3.41%
13-Dec-18,0.027,0.033,0.033,0.027,-,-19.30%
12-Dec-18,0.033,0.029,0.033,0.029,2.60K,15.02%
11-Dec-18,0.029,0.028,0.032,0.028,1.10K,2.59%
10-Dec-18,0.028,0.028,0.028,0.027,4.50K,0.00%
09-Dec-18,0.028,0.022,0.03,0.022,3.00K,27.44%
08-Dec-18,0.022,0.023,0.023,0.022,-,-6.41%
07-Dec-18,0.023,0.025,0.026,0.023,6.30K,-5.07%
06-Dec-18,0.025,0.027,0.027,0.024,3.30K,-8.23%
05-Dec-18,0.027,0.027,0.027,0.024,-,0.00%
04-Dec-18,0.027,0.027,0.027,0.027,3.70K,0.00%
03-Dec-18,0.027,0.029,0.029,0.026,6.00K,-8.55%
02-Dec-18,0.029,0.028,0.03,0.028,5.10K,2.00%
01-Dec-18,0.028,0.026,0.028,0.026,0.70K,9.51%
30-Nov-18,0.026,0.025,0.029,0.025,0.50K,5.40%
29-Nov-18,0.025,0.029,0.029,0.025,-,-14.66%
28-Nov-18,0.029,0.022,0.032,0.022,57.90K,31.63%
27-Nov-18,0.022,0.022,0.023,0.022,-,0.00%
26-Nov-18,0.022,0.023,0.023,0.022,-,-6.50%
25-Nov-18,0.023,0.024,0.024,0.021,3.00K,-3.99%
24-Nov-18,0.024,0.028,0.028,0.024,-,-14.15%
23-Nov-18,0.028,0.028,0.028,0.028,2.60K,8.38%
22-Nov-18,0.026,0.026,0.026,0.026,-,0.00%
21-Nov-18,0.026,0.032,0.032,0.026,-,-18.22%
20-Nov-18,0.032,0.031,0.032,0.028,2.10K,2.92%
19-Nov-18,0.031,0.03,0.037,0.03,17.80K,5.21%
18-Nov-18,0.03,0.039,0.039,0.03,-,-23.77%
17-Nov-18,0.039,0.029,0.039,0.029,1.00K,32.93%
16-Nov-18,0.029,0.038,0.038,0.029,-,-23.24%
15-Nov-18,0.038,0.037,0.043,0.037,14.00K,1.93%
14-Nov-18,0.037,0.054,0.054,0.037,14.20K,-30.66%
13-Nov-18,0.054,0.036,0.054,0.036,0.30K,51.65%
12-Nov-18,0.036,0.036,0.036,0.036,-,0.00%
11-Nov-18,0.036,0.036,0.036,0.036,-,0.00%
10-Nov-18,0.036,0.036,0.036,0.036,-,0.00%
09-Nov-18,0.036,0.036,0.036,0.036,-,0.00%
08-Nov-18,0.036,0.036,0.036,0.036,-,0.00%
07-Nov-18,0.036,0.036,0.036,0.036,-,0.00%
06-Nov-18,0.036,0.036,0.036,0.036,-,0.00%
05-Nov-18,0.036,0.036,0.036,0.036,-,0.00%
04-Nov-18,0.036,0.036,0.036,0.036,-,0.00%
03-Nov-18,0.036,0.051,0.051,0.036,-,-29.89%
02-Nov-18,0.051,0.048,0.051,0.048,0.40K,4.69%
01-Nov-18,0.048,0.046,0.048,0.046,0.50K,5.83%
31-Oct-18,0.046,0.046,0.046,0.046,-,24.63%
30-Oct-18,0.037,0.037,0.037,0.037,-,0.00%
29-Oct-18,0.037,0.037,0.037,0.037,-,0.00%
28-Oct-18,0.037,0.053,0.053,0.037,-,-30.77%
27-Oct-18,0.053,0.036,0.053,0.036,0.40K,47.57%
26-Oct-18,0.036,0.052,0.052,0.036,-,-30.19%
25-Oct-18,0.052,0.054,0.054,0.052,6.00K,-4.63%
24-Oct-18,0.054,0.05,0.054,0.035,2.90K,8.52%
23-Oct-18,0.05,0.05,0.05,0.05,0.50K,0.00%
22-Oct-18,0.05,0.055,0.055,0.038,0.30K,-10.45%
21-Oct-18,0.055,0.051,0.055,0.051,2.50K,8.07%
20-Oct-18,0.051,0.033,0.051,0.033,1.00K,56.85%
19-Oct-18,0.033,0.045,0.045,0.033,-,-27.33%
18-Oct-18,0.045,0.045,0.045,0.045,-,28.10%
17-Oct-18,0.035,0.035,0.035,0.035,-,0.00%
16-Oct-18,0.035,0.05,0.05,0.035,-,-29.54%
15-Oct-18,0.05,0.034,0.052,0.034,1.10K,45.92%
14-Oct-18,0.034,0.048,0.048,0.034,-,-28.72%
13-Oct-18,0.048,0.034,0.048,0.034,0.10K,41.60%
12-Oct-18,0.034,0.047,0.047,0.034,-,-28.44%
11-Oct-18,0.047,0.037,0.053,0.037,4.20K,29.23%
10-Oct-18,0.037,0.053,0.053,0.037,-,-30.69%
09-Oct-18,0.053,0.053,0.054,0.037,0.90K,0.00%
08-Oct-18,0.053,0.053,0.053,0.037,-,0.00%
07-Oct-18,0.053,0.039,0.053,0.039,0.20K,35.40%
06-Oct-18,0.039,0.039,0.039,0.039,-,0.00%
05-Oct-18,0.039,0.039,0.039,0.039,-,0.00%
04-Oct-18,0.039,0.039,0.039,0.039,-,0.00%
03-Oct-18,0.039,0.039,0.039,0.039,-,0.00%
02-Oct-18,0.039,0.039,0.039,0.039,-,0.00%
01-Oct-18,0.039,0.058,0.058,0.039,-,-32.26%
30-Sep-18,0.058,0.062,0.062,0.058,0.20K,-7.33%
29-Sep-18,0.062,0.066,0.07,0.061,59.30K,-6.20%
28-Sep-18,0.066,0.042,0.075,0.042,55.50K,55.72%
27-Sep-18,0.042,0.041,0.042,0.03,0.90K,4.89%
26-Sep-18,0.041,0.039,0.041,0.03,7.10K,4.38%
25-Sep-18,0.039,0.039,0.039,0.039,-,33.15%
24-Sep-18,0.029,0.029,0.029,0.029,-,0.00%
23-Sep-18,0.029,0.029,0.029,0.029,-,0.00%
22-Sep-18,0.029,0.029,0.029,0.029,-,0.00%
21-Sep-18,0.029,0.029,0.029,0.029,-,0.00%
20-Sep-18,0.029,0.038,0.038,0.029,-,-23.07%
19-Sep-18,0.038,0.04,0.041,0.038,0.90K,-6.42%
18-Sep-18,0.04,0.041,0.041,0.038,12.20K,-2.46%
17-Sep-18,0.041,0.032,0.043,0.032,12.40K,31.52%
16-Sep-18,0.032,0.043,0.043,0.032,-,-26.12%
15-Sep-18,0.043,0.039,0.043,0.039,11.90K,9.51%
14-Sep-18,0.039,0.032,0.042,0.026,10.50K,23.11%
13-Sep-18,0.032,0.032,0.042,0.026,-,0.00%
12-Sep-18,0.032,0.036,0.036,0.032,1.90K,-12.00%
11-Sep-18,0.036,0.038,0.038,0.029,0.20K,-4.79%
10-Sep-18,0.038,0.037,0.038,0.029,7.70K,0.00%
09-Sep-18,0.037,0.045,0.045,0.033,1.00K,-17.15%
08-Sep-18,0.045,0.047,0.047,0.045,11.70K,-4.24%
07-Sep-18,0.047,0.048,0.048,0.045,57.00K,-1.81%
06-Sep-18,0.048,0.042,0.061,0.042,50.40K,14.02%
05-Sep-18,0.042,0.051,0.051,0.042,1.80K,-16.87%
04-Sep-18,0.051,0.047,0.051,0.047,18.20K,8.87%
03-Sep-18,0.047,0.047,0.047,0.033,0.10K,0.00%
02-Sep-18,0.047,0.045,0.048,0.045,5.40K,3.58%
01-Sep-18,0.045,0.041,0.046,0.031,5.10K,8.34%
31-Aug-18,0.041,0.033,0.041,0.033,1.20K,26.13%
30-Aug-18,0.033,0.045,0.045,0.033,-,-27.53%
29-Aug-18,0.045,0.044,0.045,0.044,2.00K,4.20%
28-Aug-18,0.044,0.04,0.044,0.04,14.30K,9.12%
27-Aug-18,0.04,0.027,0.04,0.027,0.10K,45.43%
26-Aug-18,0.027,0.027,0.027,0.027,-,0.00%
25-Aug-18,0.027,0.027,0.027,0.027,-,0.00%
24-Aug-18,0.027,0.034,0.034,0.027,-,-20.43%
23-Aug-18,0.034,0.037,0.037,0.034,5.20K,-6.88%
22-Aug-18,0.037,0.038,0.039,0.037,1.30K,-2.50%
21-Aug-18,0.038,0.036,0.038,0.036,2.80K,4.57%
20-Aug-18,0.036,0.036,0.036,0.036,-,14.40%
19-Aug-18,0.032,0.032,0.032,0.032,-,0.00%
18-Aug-18,0.032,0.043,0.043,0.032,-,-26.35%
17-Aug-18,0.043,0.029,0.043,0.029,0.50K,46.68%
16-Aug-18,0.029,0.036,0.037,0.029,1.37K,-18.55%
15-Aug-18,0.036,0.036,0.04,0.036,22.40K,1.59%
14-Aug-18,0.036,0.036,0.036,0.028,40.50K,-1.92%
13-Aug-18,0.036,0.039,0.039,0.036,4.90K,-7.43%
12-Aug-18,0.039,0.041,0.041,0.039,15.60K,-4.72%
11-Aug-18,0.041,0.045,0.045,0.037,18.60K,-8.45%
10-Aug-18,0.045,0.044,0.045,0.044,2.30K,1.52%
09-Aug-18,0.044,0.044,0.054,0.044,2.20K,0.00%
08-Aug-18,0.044,0.04,0.047,0.04,15.20K,9.13%
07-Aug-18,0.04,0.048,0.048,0.04,-,-16.22%
06-Aug-18,0.048,0.048,0.048,0.04,-,0.00%
05-Aug-18,0.048,0.051,0.051,0.042,2.00K,-4.61%
04-Aug-18,0.051,0.043,0.06,0.043,7.90K,18.64%
03-Aug-18,0.043,0.053,0.053,0.043,-,-19.06%
02-Aug-18,0.053,0.056,0.056,0.053,7.50K,-5.25%
01-Aug-18,0.056,0.056,0.056,0.053,7.90K,0.00%
31-Jul-18,0.056,0.047,0.058,0.047,0.60K,18.35%
30-Jul-18,0.047,0.062,0.062,0.047,-,-23.73%
29-Jul-18,0.062,0.062,0.062,0.062,0.90K,0.00%
28-Jul-18,0.062,0.062,0.065,0.062,0.90K,0.00%
27-Jul-18,0.062,0.047,0.065,0.047,25.00K,30.07%
26-Jul-18,0.047,0.062,0.062,0.047,-,-23.84%
25-Jul-18,0.062,0.066,0.068,0.061,6.20K,-6.08%
24-Jul-18,0.066,0.056,0.067,0.054,25.30K,18.62%
23-Jul-18,0.056,0.064,0.064,0.048,21.10K,-11.95%
22-Jul-18,0.064,0.045,0.064,0.045,1.30K,40.18%
21-Jul-18,0.045,0.061,0.061,0.045,1.73K,-25.38%
20-Jul-18,0.061,0.062,0.07,0.058,9.60K,-2.83%
19-Jul-18,0.062,0.066,0.066,0.062,0.30K,-5.06%
18-Jul-18,0.066,0.064,0.066,0.064,0.20K,2.49%
17-Jul-18,0.064,0.064,0.066,0.058,6.10K,0.00%
16-Jul-18,0.064,0.058,0.064,0.058,2.20K,10.45%
15-Jul-18,0.058,0.057,0.058,0.057,0.50K,1.58%
14-Jul-18,0.057,0.058,0.06,0.057,0.30K,-1.16%
13-Jul-18,0.058,0.059,0.06,0.058,0.50K,-2.39%
12-Jul-18,0.059,0.064,0.065,0.058,18.50K,-7.45%
11-Jul-18,0.064,0.063,0.066,0.063,11.10K,1.11%
10-Jul-18,0.063,0.073,0.078,0.063,5.90K,-13.31%
09-Jul-18,0.073,0.066,0.082,0.066,4.70K,9.60%
08-Jul-18,0.066,0.063,0.068,0.063,7.70K,5.35%
07-Jul-18,0.063,0.062,0.067,0.061,11.00K,1.99%
06-Jul-18,0.062,0.065,0.065,0.061,8.00K,-5.10%
05-Jul-18,0.065,0.068,0.069,0.065,6.70K,-4.49%
04-Jul-18,0.068,0.063,0.068,0.061,4.90K,8.94%
03-Jul-18,0.063,0.063,0.063,0.061,1.90K,-0.86%
02-Jul-18,0.063,0.057,0.064,0.057,5.40K,11.15%
01-Jul-18,0.057,0.055,0.092,0.055,30.40K,2.68%
30-Jun-18,0.055,0.05,0.086,0.05,29.10K,11.16%
29-Jun-18,0.05,0.053,0.053,0.05,1.30K,-6.10%
28-Jun-18,0.053,0.061,0.065,0.053,9.40K,0.00%
27-Jun-18,0.053,0.056,0.056,0.052,24.80K,-5.18%
26-Jun-18,0.056,0.057,0.058,0.05,65.70K,-2.90%
25-Jun-18,0.058,0.057,0.062,0.056,29.80K,0.00%
24-Jun-18,0.057,0.057,0.058,0.05,29.80K,0.00%
23-Jun-18,0.057,0.059,0.059,0.054,38.90K,-1.66%
22-Jun-18,0.058,0.068,0.069,0.056,66.29K,-16.34%
21-Jun-18,0.07,0.07,0.072,0.068,19.20K,-0.81%
20-Jun-18,0.07,0.073,0.073,0.07,2.90K,-4.09%
19-Jun-18,0.073,0.074,0.076,0.071,13.30K,-0.74%
18-Jun-18,0.074,0.081,0.081,0.065,25.60K,-8.30%
17-Jun-18,0.081,0.079,0.081,0.078,1.65K,0.96%
16-Jun-18,0.08,0.078,0.08,0.074,4.50K,5.11%
15-Jun-18,0.076,0.085,0.085,0.074,22.50K,-6.17%
14-Jun-18,0.081,0.074,0.085,0.074,26.00K,6.70%
13-Jun-18,0.076,0.085,0.09,0.073,99.60K,-10.48%
12-Jun-18,0.085,0.089,0.096,0.084,21.30K,-4.39%
11-Jun-18,0.089,0.089,0.089,0.08,12.10K,1.69%
10-Jun-18,0.087,0.108,0.108,0.086,17.00K,-17.44%
09-Jun-18,0.106,0.106,0.111,0.104,11.01K,-0.64%
08-Jun-18,0.106,0.11,0.13,0.101,40.40K,-7.08%
07-Jun-18,0.114,0.094,0.116,0.094,86.60K,17.47%
06-Jun-18,0.097,0.1,0.101,0.093,54.50K,-2.93%
05-Jun-18,0.1,0.096,0.103,0.095,10.40K,3.42%
04-Jun-18,0.097,0.105,0.106,0.097,23.50K,-8.57%
03-Jun-18,0.106,0.106,0.108,0.103,21.00K,0.00%
02-Jun-18,0.106,0.103,0.108,0.101,22.30K,3.38%
01-Jun-18,0.103,0.107,0.107,0.102,7.10K,-5.99%
31-May-18,0.109,0.114,0.114,0.104,4.80K,-4.37%
30-May-18,0.114,0.099,0.114,0.099,8.00K,9.11%
29-May-18,0.105,0.099,0.106,0.095,32.80K,5.64%
28-May-18,0.099,0.045,0.124,0.031,14.32K,148.82%
27-May-18,0.04,0.113,0.116,0.039,6.89K,-65.89%
26-May-18,0.117,0.114,0.117,0.111,4.96K,2.78%
25-May-18,0.114,0.12,0.122,0.113,8.00K,-5.43%
24-May-18,0.12,0.115,0.129,0.112,15.41K,1.50%
23-May-18,0.118,0.126,0.133,0.112,14.15K,-10.20%
22-May-18,0.132,0.14,0.143,0.132,11.07K,-5.66%
21-May-18,0.14,0.141,0.142,0.139,4.80K,-1.19%
20-May-18,0.141,0.14,0.141,0.136,4.70K,1.01%
19-May-18,0.14,0.133,0.14,0.133,1.60K,5.48%
18-May-18,0.133,0.131,0.133,0.122,15.18K,3.50%
17-May-18,0.128,0.138,0.141,0.12,17.20K,-7.05%
16-May-18,0.138,0.142,0.143,0.128,16.30K,1.40%
15-May-18,0.136,0.142,0.148,0.135,8.40K,-4.13%
14-May-18,0.142,0.147,0.15,0.127,25.70K,-3.76%
13-May-18,0.147,0.129,0.149,0.129,41.38K,4.77%
12-May-18,0.141,0.136,0.144,0.126,25.90K,3.62%
11-May-18,0.136,0.153,0.153,0.13,23.78K,-11.27%
10-May-18,0.153,0.149,0.16,0.148,43.40K,2.70%
09-May-18,0.149,0.148,0.154,0.14,47.00K,-1.95%
08-May-18,0.152,0.161,0.161,0.139,21.10K,-3.30%
07-May-18,0.157,0.154,0.158,0.13,27.20K,2.20%
06-May-18,0.154,0.164,0.164,0.148,29.60K,-5.96%
05-May-18,0.164,0.175,0.178,0.162,11.60K,-6.60%
04-May-18,0.175,0.17,0.179,0.166,15.30K,2.74%
03-May-18,0.17,0.161,0.176,0.159,21.84K,5.97%
02-May-18,0.161,0.154,0.161,0.15,6.28K,4.20%
01-May-18,0.154,0.158,0.171,0.144,40.20K,-2.18%
30-Apr-18,0.158,0.161,0.167,0.155,28.36K,-1.95%
29-Apr-18,0.161,0.152,0.163,0.148,17.55K,6.11%
28-Apr-18,0.152,0.148,0.158,0.131,25.85K,2.44%
27-Apr-18,0.148,0.148,0.154,0.139,26.96K,0.00%
26-Apr-18,0.148,0.136,0.149,0.129,20.45K,8.82%
25-Apr-18,0.136,0.159,0.159,0.128,60.28K,-14.44%
24-Apr-18,0.159,0.144,0.162,0.142,43.91K,10.29%
23-Apr-18,0.144,0.142,0.149,0.135,27.05K,1.82%
22-Apr-18,0.142,0.128,0.142,0.128,16.85K,10.47%
21-Apr-18,0.128,0.136,0.137,0.127,23.55K,-5.81%
20-Apr-18,0.136,0.134,0.139,0.13,38.65K,1.78%
19-Apr-18,0.134,0.129,0.134,0.118,17.55K,3.75%
18-Apr-18,0.129,0.119,0.134,0.118,23.35K,8.79%
17-Apr-18,0.119,0.115,0.125,0.114,47.85K,2.82%
16-Apr-18,0.115,0.12,0.122,0.111,17.15K,-4.00%
15-Apr-18,0.12,0.115,0.122,0.112,16.65K,3.99%
14-Apr-18,0.115,0.113,0.118,0.104,13.35K,2.32%
13-Apr-18,0.113,0.107,0.12,0.107,11.55K,5.74%
12-Apr-18,0.107,0.102,0.119,0.097,22.55K,5.10%
11-Apr-18,0.102,0.104,0.104,0.1,3.05K,-2.38%
10-Apr-18,0.104,0.098,0.119,0.097,48.45K,6.58%
09-Apr-18,0.098,0.112,0.125,0.097,4.15K,-13.13%
08-Apr-18,0.112,0.097,0.12,0.094,13.95K,15.28%
07-Apr-18,0.097,0.101,0.101,0.097,2.25K,-3.43%
06-Apr-18,0.101,0.061,0.103,0.061,9.35K,64.76%
05-Apr-18,0.061,0.051,0.061,0.047,13.79K,19.29%
04-Apr-18,0.051,0.081,0.082,0.051,9.59K,-36.40%
03-Apr-18,0.081,0.055,0.081,0.055,23.09K,47.40%
02-Apr-18,0.055,0.091,0.091,0.055,10.49K,-40.00%
01-Apr-18,0.091,0.046,0.103,0.046,9.20K,99.41%
31-Mar-18,0.046,0.078,0.081,0.046,8.49K,-41.65%
30-Mar-18,0.078,0.062,0.08,0.06,21.39K,26.89%
29-Mar-18,0.062,0.125,0.126,0.062,11.59K,-50.52%
28-Mar-18,0.125,0.126,0.135,0.12,7.90K,-0.88%
27-Mar-18,0.126,0.135,0.135,0.12,2.30K,-6.41%
26-Mar-18,0.135,0.127,0.157,0.118,10.60K,6.38%
25-Mar-18,0.127,0.123,0.14,0.123,9.90K,2.51%
24-Mar-18,0.123,0.12,0.125,0.119,36.50K,3.18%
23-Mar-18,0.12,0.11,0.12,0.101,18.60K,8.45%
22-Mar-18,0.11,0.131,0.131,0.11,10.80K,-15.83%
21-Mar-18,0.131,0.115,0.139,0.113,12.80K,13.57%
20-Mar-18,0.115,0.113,0.118,0.111,4.50K,2.24%
19-Mar-18,0.113,0.105,0.142,0.098,23.00K,7.46%
18-Mar-18,0.105,0.104,0.105,0.08,82.40K,0.85%
17-Mar-18,0.104,0.122,0.126,0.104,3.80K,-14.59%
16-Mar-18,0.122,0.107,0.122,0.1,4.20K,13.58%
15-Mar-18,0.107,0.125,0.125,0.1,21.70K,-14.06%
14-Mar-18,0.125,0.14,0.14,0.125,62.20K,-10.65%
13-Mar-18,0.14,0.14,0.141,0.128,18.80K,0.00%
12-Mar-18,0.14,0.146,0.166,0.139,13.80K,-4.23%
11-Mar-18,0.146,0.14,0.146,0.126,5.50K,4.42%
10-Mar-18,0.14,0.144,0.148,0.13,13.80K,-3.24%
09-Mar-18,0.144,0.147,0.147,0.13,14.60K,-1.66%
08-Mar-18,0.147,0.153,0.153,0.13,0.50K,-3.89%
07-Mar-18,0.153,0.169,0.173,0.145,2.20K,-9.48%
06-Mar-18,0.169,0.2,0.203,0.157,24.20K,-15.84%
05-Mar-18,0.2,0.188,0.2,0.181,1.20K,6.41%
04-Mar-18,0.188,0.182,0.199,0.177,3.50K,3.34%
03-Mar-18,0.182,0.195,0.198,0.152,33.70K,-6.29%
02-Mar-18,0.195,0.185,0.195,0.175,3.50K,5.37%
01-Mar-18,0.185,0.19,0.194,0.167,16.80K,-2.72%
28-Feb-18,0.19,0.191,0.191,0.172,8.60K,-0.50%
27-Feb-18,0.191,0.19,0.195,0.183,7.80K,0.53%
26-Feb-18,0.19,0.181,0.196,0.169,21.00K,4.82%
25-Feb-18,0.181,0.163,0.181,0.159,9.40K,11.30%
24-Feb-18,0.163,0.179,0.192,0.162,33.70K,-9.26%
23-Feb-18,0.179,0.185,0.188,0.159,97.50K,-3.13%
22-Feb-18,0.185,0.211,0.211,0.175,26.40K,-12.41%
21-Feb-18,0.211,0.214,0.216,0.18,27.60K,-1.31%
20-Feb-18,0.214,0.24,0.275,0.2,33.90K,-11.02%
19-Feb-18,0.24,0.19,0.241,0.19,44.30K,26.27%
18-Feb-18,0.19,0.218,0.225,0.185,10.70K,-12.65%
17-Feb-18,0.218,0.181,0.25,0.181,87.30K,20.37%
16-Feb-18,0.181,0.173,0.182,0.17,22.70K,4.46%
15-Feb-18,0.173,0.164,0.177,0.159,33.50K,5.69%
14-Feb-18,0.164,0.159,0.166,0.138,35.30K,3.51%
13-Feb-18,0.159,0.147,0.159,0.138,24.30K,7.82%
12-Feb-18,0.147,0.135,0.15,0.13,18.60K,9.18%
11-Feb-18,0.135,0.147,0.149,0.126,6.60K,-8.28%
10-Feb-18,0.147,0.164,0.17,0.144,25.00K,-10.26%
09-Feb-18,0.164,0.152,0.17,0.149,42.30K,7.94%
08-Feb-18,0.152,0.13,0.169,0.13,52.50K,16.61%
07-Feb-18,0.13,0.146,0.19,0.13,25.30K,-11.05%
